Origem,Destino,Peso
DEMIÁNBICHIR,HÉCTORBONILLA,1
DEMIÁNBICHIR,CARMENBEATO,1
DEMIÁNBICHIR,OSCARSERRANO,1
DEMIÁNBICHIR,AZALIAORTIZ,1
DEMIÁNBICHIR,OCTAVIOMICHEL,1
HÉCTORBONILLA,CARMENBEATO,1
HÉCTORBONILLA,AZALIAORTIZ,1
HÉCTORBONILLA,OSCARSERRANO,1
HÉCTORBONILLA,DEMIÁNBICHIR,1
HÉCTORBONILLA,OCTAVIOMICHEL,1
OSCARSERRANO,HÉCTORBONILLA,1
OSCARSERRANO,CARMENBEATO,1
OSCARSERRANO,AZALIAORTIZ,1
OSCARSERRANO,DEMIÁNBICHIR,1
OSCARSERRANO,OCTAVIOMICHEL,1
AZALIAORTIZ,HÉCTORBONILLA,1
AZALIAORTIZ,CARMENBEATO,1
AZALIAORTIZ,OSCARSERRANO,1
AZALIAORTIZ,DEMIÁNBICHIR,1
AZALIAORTIZ,OCTAVIOMICHEL,1
OCTAVIOMICHEL,HÉCTORBONILLA,1
OCTAVIOMICHEL,CARMENBEATO,1
OCTAVIOMICHEL,OSCARSERRANO,1
OCTAVIOMICHEL,DEMIÁNBICHIR,1
OCTAVIOMICHEL,AZALIAORTIZ,1
CARMENBEATO,HÉCTORBONILLA,1
CARMENBEATO,AZALIAORTIZ,1
CARMENBEATO,OSCARSERRANO,1
CARMENBEATO,DEMIÁNBICHIR,1
CARMENBEATO,OCTAVIOMICHEL,1
TEDDCHAN,MARKLEE,1
TEDDCHAN,HENLEYHII,1
TEDDCHAN,TOMMYKUAN,1
TEDDCHAN,BENJAMINLIM,1
TEDDCHAN,STELLACHUNG,1
TEDDCHAN,JOSHLAI,1
TEDDCHAN,SUSANLEONG,1
TEDDCHAN,LAWRENCEKOH,1
STELLACHUNG,MARKLEE,1
STELLACHUNG,HENLEYHII,1
STELLACHUNG,TOMMYKUAN,1
STELLACHUNG,BENJAMINLIM,1
STELLACHUNG,JOSHLAI,1
STELLACHUNG,SUSANLEONG,1
STELLACHUNG,LAWRENCEKOH,1
STELLACHUNG,TEDDCHAN,1
HENLEYHII,MARKLEE,1
HENLEYHII,TOMMYKUAN,1
HENLEYHII,BENJAMINLIM,1
HENLEYHII,STELLACHUNG,1
HENLEYHII,JOSHLAI,1
HENLEYHII,SUSANLEONG,1
HENLEYHII,LAWRENCEKOH,1
HENLEYHII,TEDDCHAN,1
LAWRENCEKOH,MARKLEE,1
LAWRENCEKOH,HENLEYHII,1
LAWRENCEKOH,TOMMYKUAN,1
LAWRENCEKOH,BENJAMINLIM,1
LAWRENCEKOH,STELLACHUNG,1
LAWRENCEKOH,JOSHLAI,1
LAWRENCEKOH,SUSANLEONG,1
LAWRENCEKOH,TEDDCHAN,1
TOMMYKUAN,MARKLEE,1
TOMMYKUAN,HENLEYHII,1
TOMMYKUAN,BENJAMINLIM,1
TOMMYKUAN,STELLACHUNG,1
TOMMYKUAN,JOSHLAI,1
TOMMYKUAN,SUSANLEONG,1
TOMMYKUAN,LAWRENCEKOH,1
TOMMYKUAN,TEDDCHAN,1
JOSHLAI,MARKLEE,1
JOSHLAI,HENLEYHII,1
JOSHLAI,TOMMYKUAN,1
JOSHLAI,BENJAMINLIM,1
JOSHLAI,STELLACHUNG,1
JOSHLAI,SUSANLEONG,1
JOSHLAI,LAWRENCEKOH,1
JOSHLAI,TEDDCHAN,1
MARKLEE,HENLEYHII,1
MARKLEE,TOMMYKUAN,1
MARKLEE,BENJAMINLIM,1
MARKLEE,STELLACHUNG,1
MARKLEE,JOSHLAI,1
MARKLEE,SUSANLEONG,1
MARKLEE,LAWRENCEKOH,1
MARKLEE,TEDDCHAN,1
SUSANLEONG,MARKLEE,1
SUSANLEONG,HENLEYHII,1
SUSANLEONG,TOMMYKUAN,1
SUSANLEONG,BENJAMINLIM,1
SUSANLEONG,STELLACHUNG,1
SUSANLEONG,JOSHLAI,1
SUSANLEONG,LAWRENCEKOH,1
SUSANLEONG,TEDDCHAN,1
BENJAMINLIM,MARKLEE,1
BENJAMINLIM,HENLEYHII,1
BENJAMINLIM,TOMMYKUAN,1
BENJAMINLIM,STELLACHUNG,1
BENJAMINLIM,JOSHLAI,1
BENJAMINLIM,SUSANLEONG,1
BENJAMINLIM,LAWRENCEKOH,1
BENJAMINLIM,TEDDCHAN,1
ELIJAHWOOD,TOMKANE,1
ELIJAHWOOD,FREDTATASCIORE,1
ELIJAHWOOD,JOHNC.REILLY,1
ELIJAHWOOD,MARTINLANDAU,1
ELIJAHWOOD,CRISPINGLOVER,1
ELIJAHWOOD,ALANOPPENHEIMER,1
ELIJAHWOOD,JENNIFERCONNELLY,1
ELIJAHWOOD,CHRISTOPHERPLUMMER,1
JOHNC.REILLY,ELIJAHWOOD,1
JOHNC.REILLY,TOMKANE,1
JOHNC.REILLY,FREDTATASCIORE,1
JOHNC.REILLY,MARTINLANDAU,1
JOHNC.REILLY,CRISPINGLOVER,1
JOHNC.REILLY,ALANOPPENHEIMER,1
JOHNC.REILLY,JENNIFERCONNELLY,1
JOHNC.REILLY,CHRISTOPHERPLUMMER,1
JENNIFERCONNELLY,ELIJAHWOOD,1
JENNIFERCONNELLY,TOMKANE,1
JENNIFERCONNELLY,FREDTATASCIORE,1
JENNIFERCONNELLY,JOHNC.REILLY,1
JENNIFERCONNELLY,MARTINLANDAU,1
JENNIFERCONNELLY,CRISPINGLOVER,1
JENNIFERCONNELLY,ALANOPPENHEIMER,1
JENNIFERCONNELLY,CHRISTOPHERPLUMMER,1
CHRISTOPHERPLUMMER,ELIJAHWOOD,1
CHRISTOPHERPLUMMER,TOMKANE,1
CHRISTOPHERPLUMMER,FREDTATASCIORE,1
CHRISTOPHERPLUMMER,JOHNC.REILLY,1
CHRISTOPHERPLUMMER,MARTINLANDAU,1
CHRISTOPHERPLUMMER,CRISPINGLOVER,1
CHRISTOPHERPLUMMER,ALANOPPENHEIMER,1
CHRISTOPHERPLUMMER,JENNIFERCONNELLY,1
CRISPINGLOVER,ELIJAHWOOD,1
CRISPINGLOVER,TOMKANE,1
CRISPINGLOVER,FREDTATASCIORE,1
CRISPINGLOVER,JOHNC.REILLY,1
CRISPINGLOVER,MARTINLANDAU,1
CRISPINGLOVER,ALANOPPENHEIMER,1
CRISPINGLOVER,JENNIFERCONNELLY,1
CRISPINGLOVER,CHRISTOPHERPLUMMER,1
MARTINLANDAU,ELIJAHWOOD,1
MARTINLANDAU,TOMKANE,1
MARTINLANDAU,FREDTATASCIORE,1
MARTINLANDAU,JOHNC.REILLY,1
MARTINLANDAU,CRISPINGLOVER,1
MARTINLANDAU,ALANOPPENHEIMER,1
MARTINLANDAU,JENNIFERCONNELLY,1
MARTINLANDAU,CHRISTOPHERPLUMMER,1
FREDTATASCIORE,ELIJAHWOOD,1
FREDTATASCIORE,TOMKANE,1
FREDTATASCIORE,JOHNC.REILLY,1
FREDTATASCIORE,MARTINLANDAU,1
FREDTATASCIORE,CRISPINGLOVER,1
FREDTATASCIORE,ALANOPPENHEIMER,1
FREDTATASCIORE,JENNIFERCONNELLY,1
FREDTATASCIORE,CHRISTOPHERPLUMMER,1
ALANOPPENHEIMER,ELIJAHWOOD,1
ALANOPPENHEIMER,TOMKANE,1
ALANOPPENHEIMER,FREDTATASCIORE,1
ALANOPPENHEIMER,JOHNC.REILLY,1
ALANOPPENHEIMER,MARTINLANDAU,1
ALANOPPENHEIMER,CRISPINGLOVER,1
ALANOPPENHEIMER,JENNIFERCONNELLY,1
ALANOPPENHEIMER,CHRISTOPHERPLUMMER,1
TOMKANE,ELIJAHWOOD,1
TOMKANE,FREDTATASCIORE,1
TOMKANE,JOHNC.REILLY,1
TOMKANE,MARTINLANDAU,1
TOMKANE,CRISPINGLOVER,1
TOMKANE,ALANOPPENHEIMER,1
TOMKANE,JENNIFERCONNELLY,1
TOMKANE,CHRISTOPHERPLUMMER,1
JIMSTURGESS,LAURENCEFISHBURNE,1
JIMSTURGESS,KATEBOSWORTH,1
JIMSTURGESS,AARONYOO,1
JIMSTURGESS,JACOBPITTS,1
JIMSTURGESS,SAMGOLZARI,1
JIMSTURGESS,KEVINSPACEY,1
JIMSTURGESS,LIZALAPIRA,1
JIMSTURGESS,JOSHGAD,1
KATEBOSWORTH,JIMSTURGESS,1
KATEBOSWORTH,LAURENCEFISHBURNE,1
KATEBOSWORTH,AARONYOO,1
KATEBOSWORTH,JACOBPITTS,1
KATEBOSWORTH,SAMGOLZARI,1
KATEBOSWORTH,KEVINSPACEY,1
KATEBOSWORTH,LIZALAPIRA,1
KATEBOSWORTH,JOSHGAD,1
AARONYOO,JIMSTURGESS,1
AARONYOO,LAURENCEFISHBURNE,1
AARONYOO,KATEBOSWORTH,1
AARONYOO,JACOBPITTS,1
AARONYOO,SAMGOLZARI,1
AARONYOO,KEVINSPACEY,1
AARONYOO,LIZALAPIRA,1
AARONYOO,JOSHGAD,1
LIZALAPIRA,JIMSTURGESS,1
LIZALAPIRA,LAURENCEFISHBURNE,1
LIZALAPIRA,KATEBOSWORTH,1
LIZALAPIRA,AARONYOO,1
LIZALAPIRA,JACOBPITTS,1
LIZALAPIRA,SAMGOLZARI,1
LIZALAPIRA,KEVINSPACEY,1
LIZALAPIRA,JOSHGAD,1
JACOBPITTS,JIMSTURGESS,1
JACOBPITTS,LAURENCEFISHBURNE,1
JACOBPITTS,KATEBOSWORTH,1
JACOBPITTS,AARONYOO,1
JACOBPITTS,SAMGOLZARI,1
JACOBPITTS,KEVINSPACEY,1
JACOBPITTS,LIZALAPIRA,1
JACOBPITTS,JOSHGAD,1
JOSHGAD,JIMSTURGESS,1
JOSHGAD,LAURENCEFISHBURNE,1
JOSHGAD,KATEBOSWORTH,1
JOSHGAD,AARONYOO,1
JOSHGAD,JACOBPITTS,1
JOSHGAD,SAMGOLZARI,1
JOSHGAD,KEVINSPACEY,1
JOSHGAD,LIZALAPIRA,1
SAMGOLZARI,JIMSTURGESS,1
SAMGOLZARI,LAURENCEFISHBURNE,1
SAMGOLZARI,KATEBOSWORTH,1
SAMGOLZARI,AARONYOO,1
SAMGOLZARI,JACOBPITTS,1
SAMGOLZARI,KEVINSPACEY,1
SAMGOLZARI,LIZALAPIRA,1
SAMGOLZARI,JOSHGAD,1
LAURENCEFISHBURNE,JIMSTURGESS,1
LAURENCEFISHBURNE,KATEBOSWORTH,1
LAURENCEFISHBURNE,AARONYOO,1
LAURENCEFISHBURNE,JACOBPITTS,1
LAURENCEFISHBURNE,SAMGOLZARI,1
LAURENCEFISHBURNE,KEVINSPACEY,1
LAURENCEFISHBURNE,LIZALAPIRA,1
LAURENCEFISHBURNE,JOSHGAD,1
KEVINSPACEY,JIMSTURGESS,1
KEVINSPACEY,LAURENCEFISHBURNE,1
KEVINSPACEY,KATEBOSWORTH,1
KEVINSPACEY,AARONYOO,1
KEVINSPACEY,JACOBPITTS,1
KEVINSPACEY,SAMGOLZARI,1
KEVINSPACEY,LIZALAPIRA,1
KEVINSPACEY,JOSHGAD,1
CHRISGIBSON,DAVIDMACRAE,1
DAVIDMACRAE,CHRISGIBSON,1
ERDALBEŞIKÇIOĞLU,AYÇAEREN,1
ERDALBEŞIKÇIOĞLU,YASEMINALLEN,1
ERDALBEŞIKÇIOĞLU,SUNAYILDIZOĞLU,1
ERDALBEŞIKÇIOĞLU,METINBELGIN,1
ERDALBEŞIKÇIOĞLU,MELISBIRKAN,1
ERDALBEŞIKÇIOĞLU,ÖZAYFECHT,1
ERDALBEŞIKÇIOĞLU,BERKANŞAL,1
ERDALBEŞIKÇIOĞLU,SAYGINSOYSAL,1
ERDALBEŞIKÇIOĞLU,SELINULUDOĞAN,1
YASEMINALLEN,AYÇAEREN,1
YASEMINALLEN,SUNAYILDIZOĞLU,1
YASEMINALLEN,METINBELGIN,1
YASEMINALLEN,MELISBIRKAN,1
YASEMINALLEN,ÖZAYFECHT,1
YASEMINALLEN,BERKANŞAL,1
YASEMINALLEN,ERDALBEŞIKÇIOĞLU,1
YASEMINALLEN,SAYGINSOYSAL,1
YASEMINALLEN,SELINULUDOĞAN,1
MELISBIRKAN,AYÇAEREN,1
MELISBIRKAN,YASEMINALLEN,1
MELISBIRKAN,SUNAYILDIZOĞLU,1
MELISBIRKAN,METINBELGIN,1
MELISBIRKAN,ÖZAYFECHT,1
MELISBIRKAN,BERKANŞAL,1
MELISBIRKAN,ERDALBEŞIKÇIOĞLU,1
MELISBIRKAN,SAYGINSOYSAL,1
MELISBIRKAN,SELINULUDOĞAN,1
SAYGINSOYSAL,AYÇAEREN,1
SAYGINSOYSAL,YASEMINALLEN,1
SAYGINSOYSAL,SUNAYILDIZOĞLU,1
SAYGINSOYSAL,METINBELGIN,1
SAYGINSOYSAL,MELISBIRKAN,1
SAYGINSOYSAL,ÖZAYFECHT,1
SAYGINSOYSAL,BERKANŞAL,1
SAYGINSOYSAL,ERDALBEŞIKÇIOĞLU,1
SAYGINSOYSAL,SELINULUDOĞAN,1
BERKANŞAL,AYÇAEREN,1
BERKANŞAL,YASEMINALLEN,1
BERKANŞAL,SUNAYILDIZOĞLU,1
BERKANŞAL,METINBELGIN,1
BERKANŞAL,MELISBIRKAN,1
BERKANŞAL,ÖZAYFECHT,1
BERKANŞAL,ERDALBEŞIKÇIOĞLU,1
BERKANŞAL,SAYGINSOYSAL,1
BERKANŞAL,SELINULUDOĞAN,1
METINBELGIN,AYÇAEREN,1
METINBELGIN,YASEMINALLEN,1
METINBELGIN,SUNAYILDIZOĞLU,1
METINBELGIN,MELISBIRKAN,1
METINBELGIN,ÖZAYFECHT,1
METINBELGIN,BERKANŞAL,1
METINBELGIN,ERDALBEŞIKÇIOĞLU,1
METINBELGIN,SAYGINSOYSAL,1
METINBELGIN,SELINULUDOĞAN,1
AYÇAEREN,YASEMINALLEN,1
AYÇAEREN,SUNAYILDIZOĞLU,1
AYÇAEREN,METINBELGIN,1
AYÇAEREN,MELISBIRKAN,1
AYÇAEREN,ÖZAYFECHT,1
AYÇAEREN,BERKANŞAL,1
AYÇAEREN,ERDALBEŞIKÇIOĞLU,1
AYÇAEREN,SAYGINSOYSAL,1
AYÇAEREN,SELINULUDOĞAN,1
SELINULUDOĞAN,AYÇAEREN,1
SELINULUDOĞAN,YASEMINALLEN,1
SELINULUDOĞAN,SUNAYILDIZOĞLU,1
SELINULUDOĞAN,METINBELGIN,1
SELINULUDOĞAN,MELISBIRKAN,1
SELINULUDOĞAN,ÖZAYFECHT,1
SELINULUDOĞAN,BERKANŞAL,1
SELINULUDOĞAN,ERDALBEŞIKÇIOĞLU,1
SELINULUDOĞAN,SAYGINSOYSAL,1
ÖZAYFECHT,AYÇAEREN,1
ÖZAYFECHT,YASEMINALLEN,1
ÖZAYFECHT,SUNAYILDIZOĞLU,1
ÖZAYFECHT,METINBELGIN,1
ÖZAYFECHT,MELISBIRKAN,1
ÖZAYFECHT,BERKANŞAL,1
ÖZAYFECHT,ERDALBEŞIKÇIOĞLU,1
ÖZAYFECHT,SAYGINSOYSAL,1
ÖZAYFECHT,SELINULUDOĞAN,1
SUNAYILDIZOĞLU,AYÇAEREN,1
SUNAYILDIZOĞLU,YASEMINALLEN,1
SUNAYILDIZOĞLU,METINBELGIN,1
SUNAYILDIZOĞLU,MELISBIRKAN,1
SUNAYILDIZOĞLU,ÖZAYFECHT,1
SUNAYILDIZOĞLU,BERKANŞAL,1
SUNAYILDIZOĞLU,ERDALBEŞIKÇIOĞLU,1
SUNAYILDIZOĞLU,SAYGINSOYSAL,1
SUNAYILDIZOĞLU,SELINULUDOĞAN,1
AMINAKHALIL,MAHMOUDHIJAZI,1
AMINAKHALIL,TAREKLOTFY,1
AMINAKHALIL,TARAEMAD,1
AMINAKHALIL,ASMAAGALAL,1
AMINAKHALIL,JIHANEKHALIL,1
AMINAKHALIL,AHMEDDAWOOD,1
AMINAKHALIL,AHMEDELFISHAWY,1
AHMEDDAWOOD,AMINAKHALIL,1
AHMEDDAWOOD,MAHMOUDHIJAZI,1
AHMEDDAWOOD,TAREKLOTFY,1
AHMEDDAWOOD,TARAEMAD,1
AHMEDDAWOOD,ASMAAGALAL,1
AHMEDDAWOOD,JIHANEKHALIL,1
AHMEDDAWOOD,AHMEDELFISHAWY,1
TAREKLOTFY,AMINAKHALIL,1
TAREKLOTFY,MAHMOUDHIJAZI,1
TAREKLOTFY,TARAEMAD,1
TAREKLOTFY,ASMAAGALAL,1
TAREKLOTFY,JIHANEKHALIL,1
TAREKLOTFY,AHMEDDAWOOD,1
TAREKLOTFY,AHMEDELFISHAWY,1
AHMEDELFISHAWY,AMINAKHALIL,1
AHMEDELFISHAWY,MAHMOUDHIJAZI,1
AHMEDELFISHAWY,TAREKLOTFY,1
AHMEDELFISHAWY,TARAEMAD,1
AHMEDELFISHAWY,ASMAAGALAL,1
AHMEDELFISHAWY,JIHANEKHALIL,1
AHMEDELFISHAWY,AHMEDDAWOOD,1
AHMEDELFISHAWY,SAWSANBADR,1
AHMEDELFISHAWY,BASSEMSAMRA,1
AHMEDELFISHAWY,NAHEDELSEBAÏ,1
AHMEDELFISHAWY,NELLYKARIEM,1
AHMEDELFISHAWY,MARWAMEHRAN,1
AHMEDELFISHAWY,MOATAZAL-DEMERDASH,1
AHMEDELFISHAWY,MAGEDEL-KIDWANI,1
AHMEDELFISHAWY,BOSHRA,1
AHMEDELFISHAWY,OMARELSAEED,1
MAHMOUDHIJAZI,AMINAKHALIL,1
MAHMOUDHIJAZI,TAREKLOTFY,1
MAHMOUDHIJAZI,TARAEMAD,1
MAHMOUDHIJAZI,ASMAAGALAL,1
MAHMOUDHIJAZI,JIHANEKHALIL,1
MAHMOUDHIJAZI,AHMEDDAWOOD,1
MAHMOUDHIJAZI,AHMEDELFISHAWY,1
JIHANEKHALIL,AMINAKHALIL,1
JIHANEKHALIL,MAHMOUDHIJAZI,1
JIHANEKHALIL,TAREKLOTFY,1
JIHANEKHALIL,TARAEMAD,1
JIHANEKHALIL,ASMAAGALAL,1
JIHANEKHALIL,AHMEDDAWOOD,1
JIHANEKHALIL,AHMEDELFISHAWY,1
ASMAAGALAL,AMINAKHALIL,1
ASMAAGALAL,MAHMOUDHIJAZI,1
ASMAAGALAL,TAREKLOTFY,1
ASMAAGALAL,TARAEMAD,1
ASMAAGALAL,JIHANEKHALIL,1
ASMAAGALAL,AHMEDDAWOOD,1
ASMAAGALAL,AHMEDELFISHAWY,1
TARAEMAD,AMINAKHALIL,1
TARAEMAD,MAHMOUDHIJAZI,1
TARAEMAD,TAREKLOTFY,1
TARAEMAD,ASMAAGALAL,1
TARAEMAD,JIHANEKHALIL,1
TARAEMAD,AHMEDDAWOOD,1
TARAEMAD,AHMEDELFISHAWY,1
SAMUELL.JACKSON,JOHNHEARD,1
SAMUELL.JACKSON,TONYPLANA,1
SAMUELL.JACKSON,CLIFTONCOLLINSJR.,1
SAMUELL.JACKSON,KELLYROWAN,1
JOHNHEARD,SAMUELL.JACKSON,1
JOHNHEARD,TONYPLANA,1
JOHNHEARD,CLIFTONCOLLINSJR.,1
JOHNHEARD,KELLYROWAN,1
KELLYROWAN,JOHNHEARD,1
KELLYROWAN,CLIFTONCOLLINSJR.,1
KELLYROWAN,SAMUELL.JACKSON,1
KELLYROWAN,TONYPLANA,1
CLIFTONCOLLINSJR.,JOHNHEARD,1
CLIFTONCOLLINSJR.,TONYPLANA,1
CLIFTONCOLLINSJR.,SAMUELL.JACKSON,1
CLIFTONCOLLINSJR.,KELLYROWAN,1
TONYPLANA,JOHNHEARD,1
TONYPLANA,CLIFTONCOLLINSJR.,1
TONYPLANA,SAMUELL.JACKSON,1
TONYPLANA,KELLYROWAN,1
MAGEDEL-KIDWANI,SAWSANBADR,1
MAGEDEL-KIDWANI,BASSEMSAMRA,1
MAGEDEL-KIDWANI,NAHEDELSEBAÏ,1
MAGEDEL-KIDWANI,NELLYKARIEM,1
MAGEDEL-KIDWANI,MARWAMEHRAN,1
MAGEDEL-KIDWANI,MOATAZAL-DEMERDASH,1
MAGEDEL-KIDWANI,BOSHRA,1
MAGEDEL-KIDWANI,AHMEDELFISHAWY,1
MAGEDEL-KIDWANI,OMARELSAEED,1
BASSEMSAMRA,SAWSANBADR,1
BASSEMSAMRA,NAHEDELSEBAÏ,1
BASSEMSAMRA,NELLYKARIEM,1
BASSEMSAMRA,MARWAMEHRAN,1
BASSEMSAMRA,MOATAZAL-DEMERDASH,1
BASSEMSAMRA,MAGEDEL-KIDWANI,1
BASSEMSAMRA,BOSHRA,1
BASSEMSAMRA,AHMEDELFISHAWY,1
BASSEMSAMRA,OMARELSAEED,1
NELLYKARIEM,SAWSANBADR,1
NELLYKARIEM,BASSEMSAMRA,1
NELLYKARIEM,NAHEDELSEBAÏ,1
NELLYKARIEM,MARWAMEHRAN,1
NELLYKARIEM,MOATAZAL-DEMERDASH,1
NELLYKARIEM,MAGEDEL-KIDWANI,1
NELLYKARIEM,BOSHRA,1
NELLYKARIEM,AHMEDELFISHAWY,1
NELLYKARIEM,OMARELSAEED,1
BOSHRA,SAWSANBADR,1
BOSHRA,BASSEMSAMRA,1
BOSHRA,NAHEDELSEBAÏ,1
BOSHRA,NELLYKARIEM,1
BOSHRA,MARWAMEHRAN,1
BOSHRA,MOATAZAL-DEMERDASH,1
BOSHRA,MAGEDEL-KIDWANI,1
BOSHRA,AHMEDELFISHAWY,1
BOSHRA,OMARELSAEED,1
NAHEDELSEBAÏ,SAWSANBADR,1
NAHEDELSEBAÏ,BASSEMSAMRA,1
NAHEDELSEBAÏ,NELLYKARIEM,1
NAHEDELSEBAÏ,MARWAMEHRAN,1
NAHEDELSEBAÏ,MOATAZAL-DEMERDASH,1
NAHEDELSEBAÏ,MAGEDEL-KIDWANI,1
NAHEDELSEBAÏ,BOSHRA,1
NAHEDELSEBAÏ,AHMEDELFISHAWY,1
NAHEDELSEBAÏ,OMARELSAEED,1
MARWAMEHRAN,SAWSANBADR,1
MARWAMEHRAN,BASSEMSAMRA,1
MARWAMEHRAN,NAHEDELSEBAÏ,1
MARWAMEHRAN,NELLYKARIEM,1
MARWAMEHRAN,MOATAZAL-DEMERDASH,1
MARWAMEHRAN,MAGEDEL-KIDWANI,1
MARWAMEHRAN,BOSHRA,1
MARWAMEHRAN,AHMEDELFISHAWY,1
MARWAMEHRAN,OMARELSAEED,1
SAWSANBADR,BASSEMSAMRA,1
SAWSANBADR,NAHEDELSEBAÏ,1
SAWSANBADR,NELLYKARIEM,1
SAWSANBADR,MARWAMEHRAN,1
SAWSANBADR,MOATAZAL-DEMERDASH,1
SAWSANBADR,MAGEDEL-KIDWANI,1
SAWSANBADR,BOSHRA,1
SAWSANBADR,AHMEDELFISHAWY,1
SAWSANBADR,OMARELSAEED,1
OMARELSAEED,SAWSANBADR,1
OMARELSAEED,BASSEMSAMRA,1
OMARELSAEED,NAHEDELSEBAÏ,1
OMARELSAEED,NELLYKARIEM,1
OMARELSAEED,MARWAMEHRAN,1
OMARELSAEED,MOATAZAL-DEMERDASH,1
OMARELSAEED,MAGEDEL-KIDWANI,1
OMARELSAEED,BOSHRA,1
OMARELSAEED,AHMEDELFISHAWY,1
MOATAZAL-DEMERDASH,SAWSANBADR,1
MOATAZAL-DEMERDASH,BASSEMSAMRA,1
MOATAZAL-DEMERDASH,NAHEDELSEBAÏ,1
MOATAZAL-DEMERDASH,NELLYKARIEM,1
MOATAZAL-DEMERDASH,MARWAMEHRAN,1
MOATAZAL-DEMERDASH,MAGEDEL-KIDWANI,1
MOATAZAL-DEMERDASH,BOSHRA,1
MOATAZAL-DEMERDASH,AHMEDELFISHAWY,1
MOATAZAL-DEMERDASH,OMARELSAEED,1
DIVYADUTTA,RAJIVPATHAK,1
DIVYADUTTA,MOHANAGASHE,1
DIVYADUTTA,YASHVITSANCHETI,1
DIVYADUTTA,ANUPAMSHYAM,1
DIVYADUTTA,RAAYOS.BAKHIRTA,1
DIVYADUTTA,ATULKULKARNI,1
DIVYADUTTA,GREEVAKANSARA,1
DIVYADUTTA,ARCHANTRIVEDI,1
ATULKULKARNI,RAJIVPATHAK,1
ATULKULKARNI,MOHANAGASHE,1
ATULKULKARNI,YASHVITSANCHETI,1
ATULKULKARNI,ANUPAMSHYAM,1
ATULKULKARNI,RAAYOS.BAKHIRTA,1
ATULKULKARNI,DIVYADUTTA,1
ATULKULKARNI,GREEVAKANSARA,1
ATULKULKARNI,ARCHANTRIVEDI,1
MOHANAGASHE,RAJIVPATHAK,1
MOHANAGASHE,YASHVITSANCHETI,1
MOHANAGASHE,ANUPAMSHYAM,1
MOHANAGASHE,RAAYOS.BAKHIRTA,1
MOHANAGASHE,DIVYADUTTA,1
MOHANAGASHE,ATULKULKARNI,1
MOHANAGASHE,GREEVAKANSARA,1
MOHANAGASHE,ARCHANTRIVEDI,1
ANUPAMSHYAM,RAJIVPATHAK,1
ANUPAMSHYAM,MOHANAGASHE,1
ANUPAMSHYAM,YASHVITSANCHETI,1
ANUPAMSHYAM,RAAYOS.BAKHIRTA,1
ANUPAMSHYAM,DIVYADUTTA,1
ANUPAMSHYAM,ATULKULKARNI,1
ANUPAMSHYAM,GREEVAKANSARA,1
ANUPAMSHYAM,ARCHANTRIVEDI,1
RAAYOS.BAKHIRTA,RAJIVPATHAK,1
RAAYOS.BAKHIRTA,MOHANAGASHE,1
RAAYOS.BAKHIRTA,YASHVITSANCHETI,1
RAAYOS.BAKHIRTA,ANUPAMSHYAM,1
RAAYOS.BAKHIRTA,DIVYADUTTA,1
RAAYOS.BAKHIRTA,ATULKULKARNI,1
RAAYOS.BAKHIRTA,GREEVAKANSARA,1
RAAYOS.BAKHIRTA,ARCHANTRIVEDI,1
YASHVITSANCHETI,RAJIVPATHAK,1
YASHVITSANCHETI,MOHANAGASHE,1
YASHVITSANCHETI,ANUPAMSHYAM,1
YASHVITSANCHETI,RAAYOS.BAKHIRTA,1
YASHVITSANCHETI,DIVYADUTTA,1
YASHVITSANCHETI,ATULKULKARNI,1
YASHVITSANCHETI,GREEVAKANSARA,1
YASHVITSANCHETI,ARCHANTRIVEDI,1
GREEVAKANSARA,RAJIVPATHAK,1
GREEVAKANSARA,MOHANAGASHE,1
GREEVAKANSARA,YASHVITSANCHETI,1
GREEVAKANSARA,ANUPAMSHYAM,1
GREEVAKANSARA,RAAYOS.BAKHIRTA,1
GREEVAKANSARA,DIVYADUTTA,1
GREEVAKANSARA,ATULKULKARNI,1
GREEVAKANSARA,ARCHANTRIVEDI,1
ARCHANTRIVEDI,RAJIVPATHAK,1
ARCHANTRIVEDI,MOHANAGASHE,1
ARCHANTRIVEDI,YASHVITSANCHETI,1
ARCHANTRIVEDI,ANUPAMSHYAM,1
ARCHANTRIVEDI,RAAYOS.BAKHIRTA,1
ARCHANTRIVEDI,DIVYADUTTA,1
ARCHANTRIVEDI,ATULKULKARNI,1
ARCHANTRIVEDI,GREEVAKANSARA,1
RAJIVPATHAK,MOHANAGASHE,1
RAJIVPATHAK,YASHVITSANCHETI,1
RAJIVPATHAK,ANUPAMSHYAM,1
RAJIVPATHAK,RAAYOS.BAKHIRTA,1
RAJIVPATHAK,DIVYADUTTA,1
RAJIVPATHAK,ATULKULKARNI,1
RAJIVPATHAK,GREEVAKANSARA,1
RAJIVPATHAK,ARCHANTRIVEDI,1
JAMALWOOLARD,TRU,1
TRU,JAMALWOOLARD,1
RAJNEESHDUGGAL,RAJENDRANATHZUTSHI,1
RAJNEESHDUGGAL,ADAHSHARMA,1
RAJNEESHDUGGAL,AMINHAJEE,1
RAJNEESHDUGGAL,SHRIVALLABHVYAS,1
RAJNEESHDUGGAL,VIPINSHARMA,1
RAJNEESHDUGGAL,ANJORIALAGH,1
RAJNEESHDUGGAL,INDRANEILSENGUPTA,1
ADAHSHARMA,RAJNEESHDUGGAL,1
ADAHSHARMA,RAJENDRANATHZUTSHI,1
ADAHSHARMA,AMINHAJEE,1
ADAHSHARMA,SHRIVALLABHVYAS,1
ADAHSHARMA,VIPINSHARMA,1
ADAHSHARMA,ANJORIALAGH,1
ADAHSHARMA,INDRANEILSENGUPTA,1
INDRANEILSENGUPTA,RAJNEESHDUGGAL,1
INDRANEILSENGUPTA,RAJENDRANATHZUTSHI,1
INDRANEILSENGUPTA,ADAHSHARMA,1
INDRANEILSENGUPTA,AMINHAJEE,1
INDRANEILSENGUPTA,SHRIVALLABHVYAS,1
INDRANEILSENGUPTA,VIPINSHARMA,1
INDRANEILSENGUPTA,ANJORIALAGH,1
ANJORIALAGH,RAJNEESHDUGGAL,1
ANJORIALAGH,RAJENDRANATHZUTSHI,1
ANJORIALAGH,ADAHSHARMA,1
ANJORIALAGH,AMINHAJEE,1
ANJORIALAGH,SHRIVALLABHVYAS,1
ANJORIALAGH,VIPINSHARMA,1
ANJORIALAGH,INDRANEILSENGUPTA,1
RAJENDRANATHZUTSHI,RAJNEESHDUGGAL,1
RAJENDRANATHZUTSHI,ADAHSHARMA,1
RAJENDRANATHZUTSHI,AMINHAJEE,1
RAJENDRANATHZUTSHI,SHRIVALLABHVYAS,1
RAJENDRANATHZUTSHI,VIPINSHARMA,1
RAJENDRANATHZUTSHI,ANJORIALAGH,1
RAJENDRANATHZUTSHI,INDRANEILSENGUPTA,1
VIPINSHARMA,RAJNEESHDUGGAL,1
VIPINSHARMA,RAJENDRANATHZUTSHI,1
VIPINSHARMA,ADAHSHARMA,1
VIPINSHARMA,AMINHAJEE,1
VIPINSHARMA,SHRIVALLABHVYAS,1
VIPINSHARMA,ANJORIALAGH,1
VIPINSHARMA,INDRANEILSENGUPTA,1
AMINHAJEE,RAJNEESHDUGGAL,1
AMINHAJEE,RAJENDRANATHZUTSHI,1
AMINHAJEE,ADAHSHARMA,1
AMINHAJEE,SHRIVALLABHVYAS,1
AMINHAJEE,VIPINSHARMA,1
AMINHAJEE,ANJORIALAGH,1
AMINHAJEE,INDRANEILSENGUPTA,1
SHRIVALLABHVYAS,RAJNEESHDUGGAL,1
SHRIVALLABHVYAS,RAJENDRANATHZUTSHI,1
SHRIVALLABHVYAS,ADAHSHARMA,1
SHRIVALLABHVYAS,AMINHAJEE,1
SHRIVALLABHVYAS,VIPINSHARMA,1
SHRIVALLABHVYAS,ANJORIALAGH,1
SHRIVALLABHVYAS,INDRANEILSENGUPTA,1
THOMASJANE,DYLANSCHMID,1
THOMASJANE,BOBFRAZER,1
THOMASJANE,NEALMCDONOUGH,1
THOMASJANE,MOLLYPARKER,1
THOMASJANE,KAITLYNBERNARD,1
THOMASJANE,BRIANDARCYJAMES,1
MOLLYPARKER,DYLANSCHMID,1
MOLLYPARKER,THOMASJANE,1
MOLLYPARKER,BOBFRAZER,1
MOLLYPARKER,NEALMCDONOUGH,1
MOLLYPARKER,KAITLYNBERNARD,1
MOLLYPARKER,BRIANDARCYJAMES,1
DYLANSCHMID,THOMASJANE,1
DYLANSCHMID,NEALMCDONOUGH,1
DYLANSCHMID,BOBFRAZER,1
DYLANSCHMID,MOLLYPARKER,1
DYLANSCHMID,KAITLYNBERNARD,1
DYLANSCHMID,BRIANDARCYJAMES,1
KAITLYNBERNARD,DYLANSCHMID,1
KAITLYNBERNARD,THOMASJANE,1
KAITLYNBERNARD,BOBFRAZER,1
KAITLYNBERNARD,NEALMCDONOUGH,1
KAITLYNBERNARD,MOLLYPARKER,1
KAITLYNBERNARD,BRIANDARCYJAMES,1
BOBFRAZER,DYLANSCHMID,1
BOBFRAZER,THOMASJANE,1
BOBFRAZER,NEALMCDONOUGH,1
BOBFRAZER,MOLLYPARKER,1
BOBFRAZER,KAITLYNBERNARD,1
BOBFRAZER,BRIANDARCYJAMES,1
BRIANDARCYJAMES,DYLANSCHMID,1
BRIANDARCYJAMES,THOMASJANE,1
BRIANDARCYJAMES,BOBFRAZER,1
BRIANDARCYJAMES,NEALMCDONOUGH,1
BRIANDARCYJAMES,MOLLYPARKER,1
BRIANDARCYJAMES,KAITLYNBERNARD,1
NEALMCDONOUGH,DYLANSCHMID,1
NEALMCDONOUGH,THOMASJANE,1
NEALMCDONOUGH,BOBFRAZER,1
NEALMCDONOUGH,MOLLYPARKER,1
NEALMCDONOUGH,KAITLYNBERNARD,1
NEALMCDONOUGH,BRIANDARCYJAMES,1
JOHNHURT,SUZANNAHAMILTON,1
JOHNHURT,RICHARDBURTON,1
RICHARDBURTON,JOHNHURT,1
RICHARDBURTON,SUZANNAHAMILTON,1
SUZANNAHAMILTON,JOHNHURT,1
SUZANNAHAMILTON,RICHARDBURTON,1
JOHNCUSACK,WOODYHARRELSON,1
JOHNCUSACK,DANNYGLOVER,1
JOHNCUSACK,OLIVERPLATT,1
JOHNCUSACK,TOMMCCARTHY,1
JOHNCUSACK,LIAMJAMES,1
JOHNCUSACK,MORGANLILY,1
JOHNCUSACK,THANDIENEWTON,1
JOHNCUSACK,CHIWETELEJIOFOR,1
JOHNCUSACK,AMANDAPEET,1
AMANDAPEET,WOODYHARRELSON,1
AMANDAPEET,DANNYGLOVER,1
AMANDAPEET,OLIVERPLATT,1
AMANDAPEET,TOMMCCARTHY,1
AMANDAPEET,LIAMJAMES,1
AMANDAPEET,MORGANLILY,1
AMANDAPEET,THANDIENEWTON,1
AMANDAPEET,CHIWETELEJIOFOR,1
AMANDAPEET,JOHNCUSACK,1
CHIWETELEJIOFOR,WOODYHARRELSON,1
CHIWETELEJIOFOR,DANNYGLOVER,1
CHIWETELEJIOFOR,OLIVERPLATT,1
CHIWETELEJIOFOR,TOMMCCARTHY,1
CHIWETELEJIOFOR,LIAMJAMES,1
CHIWETELEJIOFOR,MORGANLILY,1
CHIWETELEJIOFOR,THANDIENEWTON,1
CHIWETELEJIOFOR,AMANDAPEET,1
CHIWETELEJIOFOR,JOHNCUSACK,1
THANDIENEWTON,WOODYHARRELSON,1
THANDIENEWTON,DANNYGLOVER,1
THANDIENEWTON,OLIVERPLATT,1
THANDIENEWTON,TOMMCCARTHY,1
THANDIENEWTON,LIAMJAMES,1
THANDIENEWTON,MORGANLILY,1
THANDIENEWTON,CHIWETELEJIOFOR,1
THANDIENEWTON,AMANDAPEET,1
THANDIENEWTON,JOHNCUSACK,1
OLIVERPLATT,WOODYHARRELSON,1
OLIVERPLATT,DANNYGLOVER,1
OLIVERPLATT,TOMMCCARTHY,1
OLIVERPLATT,LIAMJAMES,1
OLIVERPLATT,MORGANLILY,1
OLIVERPLATT,THANDIENEWTON,1
OLIVERPLATT,CHIWETELEJIOFOR,1
OLIVERPLATT,AMANDAPEET,1
OLIVERPLATT,JOHNCUSACK,1
TOMMCCARTHY,WOODYHARRELSON,1
TOMMCCARTHY,DANNYGLOVER,1
TOMMCCARTHY,OLIVERPLATT,1
TOMMCCARTHY,LIAMJAMES,1
TOMMCCARTHY,MORGANLILY,1
TOMMCCARTHY,THANDIENEWTON,1
TOMMCCARTHY,CHIWETELEJIOFOR,1
TOMMCCARTHY,AMANDAPEET,1
TOMMCCARTHY,JOHNCUSACK,1
WOODYHARRELSON,DANNYGLOVER,1
WOODYHARRELSON,OLIVERPLATT,1
WOODYHARRELSON,TOMMCCARTHY,1
WOODYHARRELSON,LIAMJAMES,1
WOODYHARRELSON,MORGANLILY,1
WOODYHARRELSON,THANDIENEWTON,1
WOODYHARRELSON,CHIWETELEJIOFOR,1
WOODYHARRELSON,AMANDAPEET,1
WOODYHARRELSON,JOHNCUSACK,1
DANNYGLOVER,WOODYHARRELSON,1
DANNYGLOVER,OLIVERPLATT,1
DANNYGLOVER,TOMMCCARTHY,1
DANNYGLOVER,LIAMJAMES,1
DANNYGLOVER,MORGANLILY,1
DANNYGLOVER,THANDIENEWTON,1
DANNYGLOVER,CHIWETELEJIOFOR,1
DANNYGLOVER,AMANDAPEET,1
DANNYGLOVER,JOHNCUSACK,1
LIAMJAMES,WOODYHARRELSON,1
LIAMJAMES,DANNYGLOVER,1
LIAMJAMES,OLIVERPLATT,1
LIAMJAMES,TOMMCCARTHY,1
LIAMJAMES,MORGANLILY,1
LIAMJAMES,THANDIENEWTON,1
LIAMJAMES,CHIWETELEJIOFOR,1
LIAMJAMES,AMANDAPEET,1
LIAMJAMES,JOHNCUSACK,1
MORGANLILY,WOODYHARRELSON,1
MORGANLILY,DANNYGLOVER,1
MORGANLILY,OLIVERPLATT,1
MORGANLILY,TOMMCCARTHY,1
MORGANLILY,LIAMJAMES,1
MORGANLILY,THANDIENEWTON,1
MORGANLILY,CHIWETELEJIOFOR,1
MORGANLILY,AMANDAPEET,1
MORGANLILY,JOHNCUSACK,1
OMAREPPS,MIRANDACOSGROVE,1
OMAREPPS,JORJAFOX,1
OMAREPPS,ENVERGJOKAJ,1
OMAREPPS,ANGUSMACFADYEN,1
OMAREPPS,KATEWALSH,1
OMAREPPS,HAAZSLEIMAN,1
KATEWALSH,MIRANDACOSGROVE,1
KATEWALSH,OMAREPPS,1
KATEWALSH,JORJAFOX,1
KATEWALSH,ENVERGJOKAJ,1
KATEWALSH,ANGUSMACFADYEN,1
KATEWALSH,HAAZSLEIMAN,1
KATEWALSH,PETERGILROY,1
KATEWALSH,JOHNMICHAELHIGGINS,1
KATEWALSH,KIDINK,1
KATEWALSH,NESTACOOPER,1
KATEWALSH,JAKEBORELLI,1
KATEWALSH,ANNEWINTERS,1
KATEWALSH,REBEKAHGRAF,1
KATEWALSH,KEITHPOWERS,1
KATEWALSH,YOUSEFERAKAT,1
KATEWALSH,PATRICKDAVIS,1
KATEWALSH,ALICIASANZ,1
MIRANDACOSGROVE,OMAREPPS,1
MIRANDACOSGROVE,JORJAFOX,1
MIRANDACOSGROVE,ENVERGJOKAJ,1
MIRANDACOSGROVE,ANGUSMACFADYEN,1
MIRANDACOSGROVE,KATEWALSH,1
MIRANDACOSGROVE,HAAZSLEIMAN,1
ANGUSMACFADYEN,MIRANDACOSGROVE,1
ANGUSMACFADYEN,OMAREPPS,1
ANGUSMACFADYEN,JORJAFOX,1
ANGUSMACFADYEN,ENVERGJOKAJ,1
ANGUSMACFADYEN,KATEWALSH,1
ANGUSMACFADYEN,HAAZSLEIMAN,1
JORJAFOX,MIRANDACOSGROVE,1
JORJAFOX,OMAREPPS,1
JORJAFOX,ENVERGJOKAJ,1
JORJAFOX,ANGUSMACFADYEN,1
JORJAFOX,KATEWALSH,1
JORJAFOX,HAAZSLEIMAN,1
ENVERGJOKAJ,MIRANDACOSGROVE,1
ENVERGJOKAJ,OMAREPPS,1
ENVERGJOKAJ,JORJAFOX,1
ENVERGJOKAJ,ANGUSMACFADYEN,1
ENVERGJOKAJ,KATEWALSH,1
ENVERGJOKAJ,HAAZSLEIMAN,1
HAAZSLEIMAN,MIRANDACOSGROVE,1
HAAZSLEIMAN,OMAREPPS,1
HAAZSLEIMAN,JORJAFOX,1
HAAZSLEIMAN,ENVERGJOKAJ,1
HAAZSLEIMAN,ANGUSMACFADYEN,1
HAAZSLEIMAN,KATEWALSH,1
JOSEPHGORDON-LEVITT,DENISSCHMIDT,1
JOSEPHGORDON-LEVITT,ANNASUK,1
JOSEPHGORDON-LEVITT,AYLINTEZEL,1
JOSEPHGORDON-LEVITT,AURÉLIETHÉPAUT,1
JOSEPHGORDON-LEVITT,MAXSCHIMMELPFENNIG,1
JOSEPHGORDON-LEVITT,MURATHANMUSLU,1
JOSEPHGORDON-LEVITT,PASSARHARIKY,1
JOSEPHGORDON-LEVITT,OMIDMEMAR,1
JOSEPHGORDON-LEVITT,PAULWOLLIN,1
JOSEPHGORDON-LEVITT,CARLOKITZLINGER,1
JOSEPHGORDON-LEVITT,GEOFFREYAREND,1
JOSEPHGORDON-LEVITT,ZOOEYDESCHANEL,1
OMIDMEMAR,DENISSCHMIDT,1
OMIDMEMAR,ANNASUK,1
OMIDMEMAR,AYLINTEZEL,1
OMIDMEMAR,AURÉLIETHÉPAUT,1
OMIDMEMAR,MAXSCHIMMELPFENNIG,1
OMIDMEMAR,MURATHANMUSLU,1
OMIDMEMAR,PASSARHARIKY,1
OMIDMEMAR,PAULWOLLIN,1
OMIDMEMAR,JOSEPHGORDON-LEVITT,1
OMIDMEMAR,CARLOKITZLINGER,1
CARLOKITZLINGER,DENISSCHMIDT,1
CARLOKITZLINGER,ANNASUK,1
CARLOKITZLINGER,AYLINTEZEL,1
CARLOKITZLINGER,AURÉLIETHÉPAUT,1
CARLOKITZLINGER,MAXSCHIMMELPFENNIG,1
CARLOKITZLINGER,MURATHANMUSLU,1
CARLOKITZLINGER,PASSARHARIKY,1
CARLOKITZLINGER,OMIDMEMAR,1
CARLOKITZLINGER,PAULWOLLIN,1
CARLOKITZLINGER,JOSEPHGORDON-LEVITT,1
AYLINTEZEL,DENISSCHMIDT,1
AYLINTEZEL,ANNASUK,1
AYLINTEZEL,AURÉLIETHÉPAUT,1
AYLINTEZEL,MAXSCHIMMELPFENNIG,1
AYLINTEZEL,MURATHANMUSLU,1
AYLINTEZEL,PASSARHARIKY,1
AYLINTEZEL,OMIDMEMAR,1
AYLINTEZEL,PAULWOLLIN,1
AYLINTEZEL,JOSEPHGORDON-LEVITT,1
AYLINTEZEL,CARLOKITZLINGER,1
MURATHANMUSLU,DENISSCHMIDT,1
MURATHANMUSLU,ANNASUK,1
MURATHANMUSLU,AYLINTEZEL,1
MURATHANMUSLU,AURÉLIETHÉPAUT,1
MURATHANMUSLU,MAXSCHIMMELPFENNIG,1
MURATHANMUSLU,PASSARHARIKY,1
MURATHANMUSLU,OMIDMEMAR,1
MURATHANMUSLU,PAULWOLLIN,1
MURATHANMUSLU,JOSEPHGORDON-LEVITT,1
MURATHANMUSLU,CARLOKITZLINGER,1
PAULWOLLIN,DENISSCHMIDT,1
PAULWOLLIN,ANNASUK,1
PAULWOLLIN,AYLINTEZEL,1
PAULWOLLIN,AURÉLIETHÉPAUT,1
PAULWOLLIN,MAXSCHIMMELPFENNIG,1
PAULWOLLIN,MURATHANMUSLU,1
PAULWOLLIN,PASSARHARIKY,1
PAULWOLLIN,OMIDMEMAR,1
PAULWOLLIN,JOSEPHGORDON-LEVITT,1
PAULWOLLIN,CARLOKITZLINGER,1
AURÉLIETHÉPAUT,DENISSCHMIDT,1
AURÉLIETHÉPAUT,ANNASUK,1
AURÉLIETHÉPAUT,AYLINTEZEL,1
AURÉLIETHÉPAUT,MAXSCHIMMELPFENNIG,1
AURÉLIETHÉPAUT,MURATHANMUSLU,1
AURÉLIETHÉPAUT,PASSARHARIKY,1
AURÉLIETHÉPAUT,OMIDMEMAR,1
AURÉLIETHÉPAUT,PAULWOLLIN,1
AURÉLIETHÉPAUT,JOSEPHGORDON-LEVITT,1
AURÉLIETHÉPAUT,CARLOKITZLINGER,1
PASSARHARIKY,DENISSCHMIDT,1
PASSARHARIKY,ANNASUK,1
PASSARHARIKY,AYLINTEZEL,1
PASSARHARIKY,AURÉLIETHÉPAUT,1
PASSARHARIKY,MAXSCHIMMELPFENNIG,1
PASSARHARIKY,MURATHANMUSLU,1
PASSARHARIKY,OMIDMEMAR,1
PASSARHARIKY,PAULWOLLIN,1
PASSARHARIKY,JOSEPHGORDON-LEVITT,1
PASSARHARIKY,CARLOKITZLINGER,1
DENISSCHMIDT,ANNASUK,1
DENISSCHMIDT,AYLINTEZEL,1
DENISSCHMIDT,AURÉLIETHÉPAUT,1
DENISSCHMIDT,MAXSCHIMMELPFENNIG,1
DENISSCHMIDT,MURATHANMUSLU,1
DENISSCHMIDT,PASSARHARIKY,1
DENISSCHMIDT,OMIDMEMAR,1
DENISSCHMIDT,PAULWOLLIN,1
DENISSCHMIDT,JOSEPHGORDON-LEVITT,1
DENISSCHMIDT,CARLOKITZLINGER,1
MAXSCHIMMELPFENNIG,DENISSCHMIDT,1
MAXSCHIMMELPFENNIG,ANNASUK,1
MAXSCHIMMELPFENNIG,AYLINTEZEL,1
MAXSCHIMMELPFENNIG,AURÉLIETHÉPAUT,1
MAXSCHIMMELPFENNIG,MURATHANMUSLU,1
MAXSCHIMMELPFENNIG,PASSARHARIKY,1
MAXSCHIMMELPFENNIG,OMIDMEMAR,1
MAXSCHIMMELPFENNIG,PAULWOLLIN,1
MAXSCHIMMELPFENNIG,JOSEPHGORDON-LEVITT,1
MAXSCHIMMELPFENNIG,CARLOKITZLINGER,1
ANNASUK,DENISSCHMIDT,1
ANNASUK,AYLINTEZEL,1
ANNASUK,AURÉLIETHÉPAUT,1
ANNASUK,MAXSCHIMMELPFENNIG,1
ANNASUK,MURATHANMUSLU,1
ANNASUK,PASSARHARIKY,1
ANNASUK,OMIDMEMAR,1
ANNASUK,PAULWOLLIN,1
ANNASUK,JOSEPHGORDON-LEVITT,1
ANNASUK,CARLOKITZLINGER,1
ANDERSDANIELSENLIE,JADENSMITH,1
ANDERSDANIELSENLIE,OLAG.FURUSETH,1
ANDERSDANIELSENLIE,JONØIGARDEN,1
ANDERSDANIELSENLIE,JONASSTRANDGRAVLI,1
ANDERSDANIELSENLIE,MARIABOCK,1
ANDERSDANIELSENLIE,THORBJØRNHARR,1
JONØIGARDEN,JADENSMITH,1
JONØIGARDEN,ANDERSDANIELSENLIE,1
JONØIGARDEN,OLAG.FURUSETH,1
JONØIGARDEN,JONASSTRANDGRAVLI,1
JONØIGARDEN,MARIABOCK,1
JONØIGARDEN,THORBJØRNHARR,1
JONASSTRANDGRAVLI,JADENSMITH,1
JONASSTRANDGRAVLI,ANDERSDANIELSENLIE,1
JONASSTRANDGRAVLI,JONØIGARDEN,1
JONASSTRANDGRAVLI,OLAG.FURUSETH,1
JONASSTRANDGRAVLI,MARIABOCK,1
JONASSTRANDGRAVLI,THORBJØRNHARR,1
OLAG.FURUSETH,JADENSMITH,1
OLAG.FURUSETH,ANDERSDANIELSENLIE,1
OLAG.FURUSETH,JONØIGARDEN,1
OLAG.FURUSETH,JONASSTRANDGRAVLI,1
OLAG.FURUSETH,MARIABOCK,1
OLAG.FURUSETH,THORBJØRNHARR,1
MARIABOCK,JADENSMITH,1
MARIABOCK,ANDERSDANIELSENLIE,1
MARIABOCK,OLAG.FURUSETH,1
MARIABOCK,JONØIGARDEN,1
MARIABOCK,JONASSTRANDGRAVLI,1
MARIABOCK,THORBJØRNHARR,1
THORBJØRNHARR,JADENSMITH,1
THORBJØRNHARR,ANDERSDANIELSENLIE,1
THORBJØRNHARR,OLAG.FURUSETH,1
THORBJØRNHARR,JONØIGARDEN,1
THORBJØRNHARR,JONASSTRANDGRAVLI,1
THORBJØRNHARR,MARIABOCK,1
JADENSMITH,ANDERSDANIELSENLIE,1
JADENSMITH,OLAG.FURUSETH,1
JADENSMITH,JONØIGARDEN,1
JADENSMITH,JONASSTRANDGRAVLI,1
JADENSMITH,MARIABOCK,1
JADENSMITH,THORBJØRNHARR,1
RAHULPETHE,MRUNMAYEEDESHPANDE,1
RAHULPETHE,VAIBHAVMANGALE,1
RAHULPETHE,NAINAAPTE,1
RAHULPETHE,JAYWANTWADKAR,1
RAHULPETHE,SATISHPULEKAR,1
RAHULPETHE,UDAYTIKEKAR,1
RAHULPETHE,ADINATHKOTHARE,1
MRUNMAYEEDESHPANDE,VAIBHAVMANGALE,1
MRUNMAYEEDESHPANDE,NAINAAPTE,1
MRUNMAYEEDESHPANDE,JAYWANTWADKAR,1
MRUNMAYEEDESHPANDE,SATISHPULEKAR,1
MRUNMAYEEDESHPANDE,UDAYTIKEKAR,1
MRUNMAYEEDESHPANDE,RAHULPETHE,1
MRUNMAYEEDESHPANDE,ADINATHKOTHARE,1
ADINATHKOTHARE,MRUNMAYEEDESHPANDE,1
ADINATHKOTHARE,VAIBHAVMANGALE,1
ADINATHKOTHARE,NAINAAPTE,1
ADINATHKOTHARE,JAYWANTWADKAR,1
ADINATHKOTHARE,SATISHPULEKAR,1
ADINATHKOTHARE,UDAYTIKEKAR,1
ADINATHKOTHARE,RAHULPETHE,1
VAIBHAVMANGALE,MRUNMAYEEDESHPANDE,1
VAIBHAVMANGALE,NAINAAPTE,1
VAIBHAVMANGALE,JAYWANTWADKAR,1
VAIBHAVMANGALE,SATISHPULEKAR,1
VAIBHAVMANGALE,UDAYTIKEKAR,1
VAIBHAVMANGALE,RAHULPETHE,1
VAIBHAVMANGALE,ADINATHKOTHARE,1
JAYWANTWADKAR,MRUNMAYEEDESHPANDE,1
JAYWANTWADKAR,VAIBHAVMANGALE,1
JAYWANTWADKAR,NAINAAPTE,1
JAYWANTWADKAR,SATISHPULEKAR,1
JAYWANTWADKAR,UDAYTIKEKAR,1
JAYWANTWADKAR,RAHULPETHE,1
JAYWANTWADKAR,ADINATHKOTHARE,1
SATISHPULEKAR,MRUNMAYEEDESHPANDE,1
SATISHPULEKAR,VAIBHAVMANGALE,1
SATISHPULEKAR,NAINAAPTE,1
SATISHPULEKAR,JAYWANTWADKAR,1
SATISHPULEKAR,UDAYTIKEKAR,1
SATISHPULEKAR,RAHULPETHE,1
SATISHPULEKAR,ADINATHKOTHARE,1
NAINAAPTE,MRUNMAYEEDESHPANDE,1
NAINAAPTE,VAIBHAVMANGALE,1
NAINAAPTE,JAYWANTWADKAR,1
NAINAAPTE,SATISHPULEKAR,1
NAINAAPTE,UDAYTIKEKAR,1
NAINAAPTE,RAHULPETHE,1
NAINAAPTE,ADINATHKOTHARE,1
UDAYTIKEKAR,MRUNMAYEEDESHPANDE,1
UDAYTIKEKAR,VAIBHAVMANGALE,1
UDAYTIKEKAR,NAINAAPTE,1
UDAYTIKEKAR,JAYWANTWADKAR,1
UDAYTIKEKAR,SATISHPULEKAR,1
UDAYTIKEKAR,RAHULPETHE,1
UDAYTIKEKAR,ADINATHKOTHARE,1
SADIQDABA,KEHINDEBANKOLE,1
SADIQDABA,COLINDAVIDREESE,1
SADIQDABA,KAYODEOLAIYA,1
SADIQDABA,LAWRENCESTUBBINGS,1
SADIQDABA,KUNLEAFOLAYAN,1
SADIQDABA,ADEMOLAADEDOYIN,1
SADIQDABA,NICKRHYS,1
SADIQDABA,DAVIDBAILIE,1
SADIQDABA,KANAYOO.KANAYO,1
SADIQDABA,FABIANADEOYELOJEDE,1
SADIQDABA,IBRAHIMSHATTA,1
SADIQDABA,FEMIADEBAYO,1
DAVIDBAILIE,KEHINDEBANKOLE,1
DAVIDBAILIE,COLINDAVIDREESE,1
DAVIDBAILIE,KAYODEOLAIYA,1
DAVIDBAILIE,LAWRENCESTUBBINGS,1
DAVIDBAILIE,SADIQDABA,1
DAVIDBAILIE,KUNLEAFOLAYAN,1
DAVIDBAILIE,ADEMOLAADEDOYIN,1
DAVIDBAILIE,NICKRHYS,1
DAVIDBAILIE,KANAYOO.KANAYO,1
DAVIDBAILIE,FABIANADEOYELOJEDE,1
DAVIDBAILIE,IBRAHIMSHATTA,1
DAVIDBAILIE,FEMIADEBAYO,1
KAYODEOLAIYA,KEHINDEBANKOLE,1
KAYODEOLAIYA,COLINDAVIDREESE,1
KAYODEOLAIYA,LAWRENCESTUBBINGS,1
KAYODEOLAIYA,SADIQDABA,1
KAYODEOLAIYA,KUNLEAFOLAYAN,1
KAYODEOLAIYA,ADEMOLAADEDOYIN,1
KAYODEOLAIYA,NICKRHYS,1
KAYODEOLAIYA,DAVIDBAILIE,1
KAYODEOLAIYA,KANAYOO.KANAYO,1
KAYODEOLAIYA,FABIANADEOYELOJEDE,1
KAYODEOLAIYA,IBRAHIMSHATTA,1
KAYODEOLAIYA,FEMIADEBAYO,1
KEHINDEBANKOLE,COLINDAVIDREESE,1
KEHINDEBANKOLE,KAYODEOLAIYA,1
KEHINDEBANKOLE,LAWRENCESTUBBINGS,1
KEHINDEBANKOLE,SADIQDABA,1
KEHINDEBANKOLE,KUNLEAFOLAYAN,1
KEHINDEBANKOLE,ADEMOLAADEDOYIN,1
KEHINDEBANKOLE,NICKRHYS,1
KEHINDEBANKOLE,DAVIDBAILIE,1
KEHINDEBANKOLE,KANAYOO.KANAYO,1
KEHINDEBANKOLE,FABIANADEOYELOJEDE,1
KEHINDEBANKOLE,IBRAHIMSHATTA,1
KEHINDEBANKOLE,FEMIADEBAYO,1
FABIANADEOYELOJEDE,KEHINDEBANKOLE,1
FABIANADEOYELOJEDE,COLINDAVIDREESE,1
FABIANADEOYELOJEDE,KAYODEOLAIYA,1
FABIANADEOYELOJEDE,LAWRENCESTUBBINGS,1
FABIANADEOYELOJEDE,SADIQDABA,1
FABIANADEOYELOJEDE,KUNLEAFOLAYAN,1
FABIANADEOYELOJEDE,ADEMOLAADEDOYIN,1
FABIANADEOYELOJEDE,NICKRHYS,1
FABIANADEOYELOJEDE,DAVIDBAILIE,1
FABIANADEOYELOJEDE,KANAYOO.KANAYO,1
FABIANADEOYELOJEDE,IBRAHIMSHATTA,1
FABIANADEOYELOJEDE,FEMIADEBAYO,1
NICKRHYS,KEHINDEBANKOLE,1
NICKRHYS,COLINDAVIDREESE,1
NICKRHYS,KAYODEOLAIYA,1
NICKRHYS,LAWRENCESTUBBINGS,1
NICKRHYS,SADIQDABA,1
NICKRHYS,KUNLEAFOLAYAN,1
NICKRHYS,ADEMOLAADEDOYIN,1
NICKRHYS,DAVIDBAILIE,1
NICKRHYS,KANAYOO.KANAYO,1
NICKRHYS,FABIANADEOYELOJEDE,1
NICKRHYS,IBRAHIMSHATTA,1
NICKRHYS,FEMIADEBAYO,1
KUNLEAFOLAYAN,KEHINDEBANKOLE,1
KUNLEAFOLAYAN,COLINDAVIDREESE,1
KUNLEAFOLAYAN,KAYODEOLAIYA,1
KUNLEAFOLAYAN,LAWRENCESTUBBINGS,1
KUNLEAFOLAYAN,SADIQDABA,1
KUNLEAFOLAYAN,ADEMOLAADEDOYIN,1
KUNLEAFOLAYAN,NICKRHYS,1
KUNLEAFOLAYAN,DAVIDBAILIE,1
KUNLEAFOLAYAN,KANAYOO.KANAYO,1
KUNLEAFOLAYAN,FABIANADEOYELOJEDE,1
KUNLEAFOLAYAN,IBRAHIMSHATTA,1
KUNLEAFOLAYAN,FEMIADEBAYO,1
COLINDAVIDREESE,KEHINDEBANKOLE,1
COLINDAVIDREESE,KAYODEOLAIYA,1
COLINDAVIDREESE,LAWRENCESTUBBINGS,1
COLINDAVIDREESE,SADIQDABA,1
COLINDAVIDREESE,KUNLEAFOLAYAN,1
COLINDAVIDREESE,ADEMOLAADEDOYIN,1
COLINDAVIDREESE,NICKRHYS,1
COLINDAVIDREESE,DAVIDBAILIE,1
COLINDAVIDREESE,KANAYOO.KANAYO,1
COLINDAVIDREESE,FABIANADEOYELOJEDE,1
COLINDAVIDREESE,IBRAHIMSHATTA,1
COLINDAVIDREESE,FEMIADEBAYO,1
IBRAHIMSHATTA,KEHINDEBANKOLE,1
IBRAHIMSHATTA,COLINDAVIDREESE,1
IBRAHIMSHATTA,KAYODEOLAIYA,1
IBRAHIMSHATTA,LAWRENCESTUBBINGS,1
IBRAHIMSHATTA,SADIQDABA,1
IBRAHIMSHATTA,KUNLEAFOLAYAN,1
IBRAHIMSHATTA,ADEMOLAADEDOYIN,1
IBRAHIMSHATTA,NICKRHYS,1
IBRAHIMSHATTA,DAVIDBAILIE,1
IBRAHIMSHATTA,KANAYOO.KANAYO,1
IBRAHIMSHATTA,FABIANADEOYELOJEDE,1
IBRAHIMSHATTA,FEMIADEBAYO,1
FEMIADEBAYO,KEHINDEBANKOLE,1
FEMIADEBAYO,COLINDAVIDREESE,1
FEMIADEBAYO,KAYODEOLAIYA,1
FEMIADEBAYO,LAWRENCESTUBBINGS,1
FEMIADEBAYO,SADIQDABA,1
FEMIADEBAYO,KUNLEAFOLAYAN,1
FEMIADEBAYO,ADEMOLAADEDOYIN,1
FEMIADEBAYO,NICKRHYS,1
FEMIADEBAYO,DAVIDBAILIE,1
FEMIADEBAYO,KANAYOO.KANAYO,1
FEMIADEBAYO,FABIANADEOYELOJEDE,1
FEMIADEBAYO,IBRAHIMSHATTA,1
KANAYOO.KANAYO,KEHINDEBANKOLE,1
KANAYOO.KANAYO,COLINDAVIDREESE,1
KANAYOO.KANAYO,KAYODEOLAIYA,1
KANAYOO.KANAYO,LAWRENCESTUBBINGS,1
KANAYOO.KANAYO,SADIQDABA,1
KANAYOO.KANAYO,KUNLEAFOLAYAN,1
KANAYOO.KANAYO,ADEMOLAADEDOYIN,1
KANAYOO.KANAYO,NICKRHYS,1
KANAYOO.KANAYO,DAVIDBAILIE,1
KANAYOO.KANAYO,FABIANADEOYELOJEDE,1
KANAYOO.KANAYO,IBRAHIMSHATTA,1
KANAYOO.KANAYO,FEMIADEBAYO,1
LAWRENCESTUBBINGS,KEHINDEBANKOLE,1
LAWRENCESTUBBINGS,COLINDAVIDREESE,1
LAWRENCESTUBBINGS,KAYODEOLAIYA,1
LAWRENCESTUBBINGS,SADIQDABA,1
LAWRENCESTUBBINGS,KUNLEAFOLAYAN,1
LAWRENCESTUBBINGS,ADEMOLAADEDOYIN,1
LAWRENCESTUBBINGS,NICKRHYS,1
LAWRENCESTUBBINGS,DAVIDBAILIE,1
LAWRENCESTUBBINGS,KANAYOO.KANAYO,1
LAWRENCESTUBBINGS,FABIANADEOYELOJEDE,1
LAWRENCESTUBBINGS,IBRAHIMSHATTA,1
LAWRENCESTUBBINGS,FEMIADEBAYO,1
ADEMOLAADEDOYIN,KEHINDEBANKOLE,1
ADEMOLAADEDOYIN,COLINDAVIDREESE,1
ADEMOLAADEDOYIN,KAYODEOLAIYA,1
ADEMOLAADEDOYIN,LAWRENCESTUBBINGS,1
ADEMOLAADEDOYIN,SADIQDABA,1
ADEMOLAADEDOYIN,KUNLEAFOLAYAN,1
ADEMOLAADEDOYIN,NICKRHYS,1
ADEMOLAADEDOYIN,DAVIDBAILIE,1
ADEMOLAADEDOYIN,KANAYOO.KANAYO,1
ADEMOLAADEDOYIN,FABIANADEOYELOJEDE,1
ADEMOLAADEDOYIN,IBRAHIMSHATTA,1
ADEMOLAADEDOYIN,FEMIADEBAYO,1
SHABEERKALLARAKKAL,PAVITHRA,1
SHABEERKALLARAKKAL,AARVIN,1
SHABEERKALLARAKKAL,ROHINI,1
SHABEERKALLARAKKAL,RAVIRAGHAVENDRA,1
AARVIN,PAVITHRA,1
AARVIN,SHABEERKALLARAKKAL,1
AARVIN,ROHINI,1
AARVIN,RAVIRAGHAVENDRA,1
PAVITHRA,AARVIN,1
PAVITHRA,SHABEERKALLARAKKAL,1
PAVITHRA,ROHINI,1
PAVITHRA,RAVIRAGHAVENDRA,1
ROHINI,PAVITHRA,1
ROHINI,AARVIN,1
ROHINI,SHABEERKALLARAKKAL,1
ROHINI,RAVIRAGHAVENDRA,1
RAVIRAGHAVENDRA,PAVITHRA,1
RAVIRAGHAVENDRA,SHABEERKALLARAKKAL,1
RAVIRAGHAVENDRA,ROHINI,1
RAVIRAGHAVENDRA,AARVIN,1
RAMSEYNOUAH,MEMRYSAVANHU,1
RAMSEYNOUAH,NELLYEKWEREOGU,1
RAMSEYNOUAH,CHIDIMOKEME,1
RAMSEYNOUAH,RITADOMINIC,1
RAMSEYNOUAH,IBINABOFIBERESIMA,1
RAMSEYNOUAH,DANIELK.DANIEL,1
RAMSEYNOUAH,SHUAIBUEBENESIADAMS,1
RAMSEYNOUAH,BENNWOSU,1
RAMSEYNOUAH,ADAOFOEGBU,1
RAMSEYNOUAH,PATNEBO,1
RAMSEYNOUAH,DEBOOGUNS,1
RAMSEYNOUAH,ADONIJAHOWIRIWA,1
RITADOMINIC,MEMRYSAVANHU,1
RITADOMINIC,NELLYEKWEREOGU,1
RITADOMINIC,RAMSEYNOUAH,1
RITADOMINIC,CHIDIMOKEME,1
RITADOMINIC,IBINABOFIBERESIMA,1
RITADOMINIC,DANIELK.DANIEL,1
RITADOMINIC,SHUAIBUEBENESIADAMS,1
RITADOMINIC,BENNWOSU,1
RITADOMINIC,ADAOFOEGBU,1
RITADOMINIC,PATNEBO,1
RITADOMINIC,DEBOOGUNS,1
RITADOMINIC,ADONIJAHOWIRIWA,1
CHIDIMOKEME,MEMRYSAVANHU,1
CHIDIMOKEME,NELLYEKWEREOGU,1
CHIDIMOKEME,RAMSEYNOUAH,1
CHIDIMOKEME,RITADOMINIC,1
CHIDIMOKEME,IBINABOFIBERESIMA,1
CHIDIMOKEME,DANIELK.DANIEL,1
CHIDIMOKEME,SHUAIBUEBENESIADAMS,1
CHIDIMOKEME,BENNWOSU,1
CHIDIMOKEME,ADAOFOEGBU,1
CHIDIMOKEME,PATNEBO,1
CHIDIMOKEME,DEBOOGUNS,1
CHIDIMOKEME,ADONIJAHOWIRIWA,1
IBINABOFIBERESIMA,MEMRYSAVANHU,1
IBINABOFIBERESIMA,NELLYEKWEREOGU,1
IBINABOFIBERESIMA,RAMSEYNOUAH,1
IBINABOFIBERESIMA,CHIDIMOKEME,1
IBINABOFIBERESIMA,RITADOMINIC,1
IBINABOFIBERESIMA,DANIELK.DANIEL,1
IBINABOFIBERESIMA,SHUAIBUEBENESIADAMS,1
IBINABOFIBERESIMA,BENNWOSU,1
IBINABOFIBERESIMA,ADAOFOEGBU,1
IBINABOFIBERESIMA,PATNEBO,1
IBINABOFIBERESIMA,DEBOOGUNS,1
IBINABOFIBERESIMA,ADONIJAHOWIRIWA,1
DANIELK.DANIEL,MEMRYSAVANHU,1
DANIELK.DANIEL,NELLYEKWEREOGU,1
DANIELK.DANIEL,RAMSEYNOUAH,1
DANIELK.DANIEL,CHIDIMOKEME,1
DANIELK.DANIEL,RITADOMINIC,1
DANIELK.DANIEL,IBINABOFIBERESIMA,1
DANIELK.DANIEL,SHUAIBUEBENESIADAMS,1
DANIELK.DANIEL,BENNWOSU,1
DANIELK.DANIEL,ADAOFOEGBU,1
DANIELK.DANIEL,PATNEBO,1
DANIELK.DANIEL,DEBOOGUNS,1
DANIELK.DANIEL,ADONIJAHOWIRIWA,1
MEMRYSAVANHU,NELLYEKWEREOGU,1
MEMRYSAVANHU,RAMSEYNOUAH,1
MEMRYSAVANHU,CHIDIMOKEME,1
MEMRYSAVANHU,RITADOMINIC,1
MEMRYSAVANHU,IBINABOFIBERESIMA,1
MEMRYSAVANHU,DANIELK.DANIEL,1
MEMRYSAVANHU,SHUAIBUEBENESIADAMS,1
MEMRYSAVANHU,BENNWOSU,1
MEMRYSAVANHU,ADAOFOEGBU,1
MEMRYSAVANHU,PATNEBO,1
MEMRYSAVANHU,DEBOOGUNS,1
MEMRYSAVANHU,ADONIJAHOWIRIWA,1
ADONIJAHOWIRIWA,MEMRYSAVANHU,1
ADONIJAHOWIRIWA,NELLYEKWEREOGU,1
ADONIJAHOWIRIWA,RAMSEYNOUAH,1
ADONIJAHOWIRIWA,CHIDIMOKEME,1
ADONIJAHOWIRIWA,RITADOMINIC,1
ADONIJAHOWIRIWA,IBINABOFIBERESIMA,1
ADONIJAHOWIRIWA,DANIELK.DANIEL,1
ADONIJAHOWIRIWA,SHUAIBUEBENESIADAMS,1
ADONIJAHOWIRIWA,BENNWOSU,1
ADONIJAHOWIRIWA,ADAOFOEGBU,1
ADONIJAHOWIRIWA,PATNEBO,1
ADONIJAHOWIRIWA,DEBOOGUNS,1
PATNEBO,MEMRYSAVANHU,1
PATNEBO,NELLYEKWEREOGU,1
PATNEBO,RAMSEYNOUAH,1
PATNEBO,CHIDIMOKEME,1
PATNEBO,RITADOMINIC,1
PATNEBO,IBINABOFIBERESIMA,1
PATNEBO,DANIELK.DANIEL,1
PATNEBO,SHUAIBUEBENESIADAMS,1
PATNEBO,BENNWOSU,1
PATNEBO,ADAOFOEGBU,1
PATNEBO,DEBOOGUNS,1
PATNEBO,ADONIJAHOWIRIWA,1
NELLYEKWEREOGU,MEMRYSAVANHU,1
NELLYEKWEREOGU,RAMSEYNOUAH,1
NELLYEKWEREOGU,CHIDIMOKEME,1
NELLYEKWEREOGU,RITADOMINIC,1
NELLYEKWEREOGU,IBINABOFIBERESIMA,1
NELLYEKWEREOGU,DANIELK.DANIEL,1
NELLYEKWEREOGU,SHUAIBUEBENESIADAMS,1
NELLYEKWEREOGU,BENNWOSU,1
NELLYEKWEREOGU,ADAOFOEGBU,1
NELLYEKWEREOGU,PATNEBO,1
NELLYEKWEREOGU,DEBOOGUNS,1
NELLYEKWEREOGU,ADONIJAHOWIRIWA,1
SHUAIBUEBENESIADAMS,MEMRYSAVANHU,1
SHUAIBUEBENESIADAMS,NELLYEKWEREOGU,1
SHUAIBUEBENESIADAMS,RAMSEYNOUAH,1
SHUAIBUEBENESIADAMS,CHIDIMOKEME,1
SHUAIBUEBENESIADAMS,RITADOMINIC,1
SHUAIBUEBENESIADAMS,IBINABOFIBERESIMA,1
SHUAIBUEBENESIADAMS,DANIELK.DANIEL,1
SHUAIBUEBENESIADAMS,BENNWOSU,1
SHUAIBUEBENESIADAMS,ADAOFOEGBU,1
SHUAIBUEBENESIADAMS,PATNEBO,1
SHUAIBUEBENESIADAMS,DEBOOGUNS,1
SHUAIBUEBENESIADAMS,ADONIJAHOWIRIWA,1
DEBOOGUNS,MEMRYSAVANHU,1
DEBOOGUNS,NELLYEKWEREOGU,1
DEBOOGUNS,RAMSEYNOUAH,1
DEBOOGUNS,CHIDIMOKEME,1
DEBOOGUNS,RITADOMINIC,1
DEBOOGUNS,IBINABOFIBERESIMA,1
DEBOOGUNS,DANIELK.DANIEL,1
DEBOOGUNS,SHUAIBUEBENESIADAMS,1
DEBOOGUNS,BENNWOSU,1
DEBOOGUNS,ADAOFOEGBU,1
DEBOOGUNS,PATNEBO,1
DEBOOGUNS,ADONIJAHOWIRIWA,1
BENNWOSU,MEMRYSAVANHU,1
BENNWOSU,NELLYEKWEREOGU,1
BENNWOSU,RAMSEYNOUAH,1
BENNWOSU,CHIDIMOKEME,1
BENNWOSU,RITADOMINIC,1
BENNWOSU,IBINABOFIBERESIMA,1
BENNWOSU,DANIELK.DANIEL,1
BENNWOSU,SHUAIBUEBENESIADAMS,1
BENNWOSU,ADAOFOEGBU,1
BENNWOSU,PATNEBO,1
BENNWOSU,DEBOOGUNS,1
BENNWOSU,ADONIJAHOWIRIWA,1
ADAOFOEGBU,MEMRYSAVANHU,1
ADAOFOEGBU,NELLYEKWEREOGU,1
ADAOFOEGBU,RAMSEYNOUAH,1
ADAOFOEGBU,CHIDIMOKEME,1
ADAOFOEGBU,RITADOMINIC,1
ADAOFOEGBU,IBINABOFIBERESIMA,1
ADAOFOEGBU,DANIELK.DANIEL,1
ADAOFOEGBU,SHUAIBUEBENESIADAMS,1
ADAOFOEGBU,BENNWOSU,1
ADAOFOEGBU,PATNEBO,1
ADAOFOEGBU,DEBOOGUNS,1
ADAOFOEGBU,ADONIJAHOWIRIWA,1
GEETANJALITHAPA,BARUNCHANDA,1
GEETANJALITHAPA,SHRAYRAITIWARI,1
GEETANJALITHAPA,ZAINKHANDURRANI,1
GEETANJALITHAPA,MONAAMBEGAONKAR,1
GEETANJALITHAPA,SHEFALICHAUHAN,1
GEETANJALITHAPA,CHANDREYEEGHOSH,1
GEETANJALITHAPA,SAHEBBHATTACHARJEE,1
ZAINKHANDURRANI,GEETANJALITHAPA,1
ZAINKHANDURRANI,BARUNCHANDA,1
ZAINKHANDURRANI,SHRAYRAITIWARI,1
ZAINKHANDURRANI,MONAAMBEGAONKAR,1
ZAINKHANDURRANI,SHEFALICHAUHAN,1
ZAINKHANDURRANI,CHANDREYEEGHOSH,1
ZAINKHANDURRANI,SAHEBBHATTACHARJEE,1
SHRAYRAITIWARI,GEETANJALITHAPA,1
SHRAYRAITIWARI,BARUNCHANDA,1
SHRAYRAITIWARI,ZAINKHANDURRANI,1
SHRAYRAITIWARI,MONAAMBEGAONKAR,1
SHRAYRAITIWARI,SHEFALICHAUHAN,1
SHRAYRAITIWARI,CHANDREYEEGHOSH,1
SHRAYRAITIWARI,SAHEBBHATTACHARJEE,1
MONAAMBEGAONKAR,GEETANJALITHAPA,1
MONAAMBEGAONKAR,BARUNCHANDA,1
MONAAMBEGAONKAR,SHRAYRAITIWARI,1
MONAAMBEGAONKAR,ZAINKHANDURRANI,1
MONAAMBEGAONKAR,SHEFALICHAUHAN,1
MONAAMBEGAONKAR,CHANDREYEEGHOSH,1
MONAAMBEGAONKAR,SAHEBBHATTACHARJEE,1
CHANDREYEEGHOSH,GEETANJALITHAPA,1
CHANDREYEEGHOSH,BARUNCHANDA,1
CHANDREYEEGHOSH,SHRAYRAITIWARI,1
CHANDREYEEGHOSH,ZAINKHANDURRANI,1
CHANDREYEEGHOSH,MONAAMBEGAONKAR,1
CHANDREYEEGHOSH,SHEFALICHAUHAN,1
CHANDREYEEGHOSH,SAHEBBHATTACHARJEE,1
BARUNCHANDA,GEETANJALITHAPA,1
BARUNCHANDA,SHRAYRAITIWARI,1
BARUNCHANDA,ZAINKHANDURRANI,1
BARUNCHANDA,MONAAMBEGAONKAR,1
BARUNCHANDA,SHEFALICHAUHAN,1
BARUNCHANDA,CHANDREYEEGHOSH,1
BARUNCHANDA,SAHEBBHATTACHARJEE,1
SAHEBBHATTACHARJEE,GEETANJALITHAPA,1
SAHEBBHATTACHARJEE,BARUNCHANDA,1
SAHEBBHATTACHARJEE,SHRAYRAITIWARI,1
SAHEBBHATTACHARJEE,ZAINKHANDURRANI,1
SAHEBBHATTACHARJEE,MONAAMBEGAONKAR,1
SAHEBBHATTACHARJEE,SHEFALICHAUHAN,1
SAHEBBHATTACHARJEE,CHANDREYEEGHOSH,1
SHEFALICHAUHAN,GEETANJALITHAPA,1
SHEFALICHAUHAN,BARUNCHANDA,1
SHEFALICHAUHAN,SHRAYRAITIWARI,1
SHEFALICHAUHAN,ZAINKHANDURRANI,1
SHEFALICHAUHAN,MONAAMBEGAONKAR,1
SHEFALICHAUHAN,CHANDREYEEGHOSH,1
SHEFALICHAUHAN,SAHEBBHATTACHARJEE,1
SAMUTHIRAKANI,KRISHAKURUP,1
SAMUTHIRAKANI,ESAKKIBARATH,1
SAMUTHIRAKANI,VINOTH,1
SAMUTHIRAKANI,CHEMBANVINODJOSE,1
SAMUTHIRAKANI,SUBIKSHA,1
SAMUTHIRAKANI,GAUTHAMMENON,1
SAMUTHIRAKANI,BHARATHSEENI,1
BHARATHSEENI,SAMUTHIRAKANI,1
BHARATHSEENI,KRISHAKURUP,1
BHARATHSEENI,ESAKKIBARATH,1
BHARATHSEENI,VINOTH,1
BHARATHSEENI,CHEMBANVINODJOSE,1
BHARATHSEENI,SUBIKSHA,1
BHARATHSEENI,GAUTHAMMENON,1
VINOTH,SAMUTHIRAKANI,1
VINOTH,KRISHAKURUP,1
VINOTH,ESAKKIBARATH,1
VINOTH,CHEMBANVINODJOSE,1
VINOTH,SUBIKSHA,1
VINOTH,GAUTHAMMENON,1
VINOTH,BHARATHSEENI,1
ESAKKIBARATH,SAMUTHIRAKANI,1
ESAKKIBARATH,KRISHAKURUP,1
ESAKKIBARATH,VINOTH,1
ESAKKIBARATH,CHEMBANVINODJOSE,1
ESAKKIBARATH,SUBIKSHA,1
ESAKKIBARATH,GAUTHAMMENON,1
ESAKKIBARATH,BHARATHSEENI,1
CHEMBANVINODJOSE,SAMUTHIRAKANI,1
CHEMBANVINODJOSE,KRISHAKURUP,1
CHEMBANVINODJOSE,ESAKKIBARATH,1
CHEMBANVINODJOSE,VINOTH,1
CHEMBANVINODJOSE,SUBIKSHA,1
CHEMBANVINODJOSE,GAUTHAMMENON,1
CHEMBANVINODJOSE,BHARATHSEENI,1
GAUTHAMMENON,SAMUTHIRAKANI,1
GAUTHAMMENON,KRISHAKURUP,1
GAUTHAMMENON,ESAKKIBARATH,1
GAUTHAMMENON,VINOTH,1
GAUTHAMMENON,CHEMBANVINODJOSE,1
GAUTHAMMENON,SUBIKSHA,1
GAUTHAMMENON,BHARATHSEENI,1
KRISHAKURUP,SAMUTHIRAKANI,1
KRISHAKURUP,ESAKKIBARATH,1
KRISHAKURUP,VINOTH,1
KRISHAKURUP,CHEMBANVINODJOSE,1
KRISHAKURUP,SUBIKSHA,1
KRISHAKURUP,GAUTHAMMENON,1
KRISHAKURUP,BHARATHSEENI,1
SUBIKSHA,SAMUTHIRAKANI,1
SUBIKSHA,KRISHAKURUP,1
SUBIKSHA,ESAKKIBARATH,1
SUBIKSHA,VINOTH,1
SUBIKSHA,CHEMBANVINODJOSE,1
SUBIKSHA,GAUTHAMMENON,1
SUBIKSHA,BHARATHSEENI,1
ADILHUSSAIN,KULADABHATTACHARJYA,1
ADILHUSSAIN,SHAKILIMTIAZ,1
ADILHUSSAIN,RAHULGAUTAMSARMA,1
ADILHUSSAIN,MAHENDRARABHA,1
ADILHUSSAIN,SULAKSHANABARUAH,1
ADILHUSSAIN,INDUMOHANDAS,1
ADILHUSSAIN,MOUMITATALUKDAR,1
SHAKILIMTIAZ,ADILHUSSAIN,1
SHAKILIMTIAZ,KULADABHATTACHARJYA,1
SHAKILIMTIAZ,RAHULGAUTAMSARMA,1
SHAKILIMTIAZ,MAHENDRARABHA,1
SHAKILIMTIAZ,SULAKSHANABARUAH,1
SHAKILIMTIAZ,INDUMOHANDAS,1
SHAKILIMTIAZ,MOUMITATALUKDAR,1
MAHENDRARABHA,ADILHUSSAIN,1
MAHENDRARABHA,KULADABHATTACHARJYA,1
MAHENDRARABHA,SHAKILIMTIAZ,1
MAHENDRARABHA,RAHULGAUTAMSARMA,1
MAHENDRARABHA,SULAKSHANABARUAH,1
MAHENDRARABHA,INDUMOHANDAS,1
MAHENDRARABHA,MOUMITATALUKDAR,1
SULAKSHANABARUAH,ADILHUSSAIN,1
SULAKSHANABARUAH,KULADABHATTACHARJYA,1
SULAKSHANABARUAH,SHAKILIMTIAZ,1
SULAKSHANABARUAH,RAHULGAUTAMSARMA,1
SULAKSHANABARUAH,MAHENDRARABHA,1
SULAKSHANABARUAH,INDUMOHANDAS,1
SULAKSHANABARUAH,MOUMITATALUKDAR,1
RAHULGAUTAMSARMA,ADILHUSSAIN,1
RAHULGAUTAMSARMA,KULADABHATTACHARJYA,1
RAHULGAUTAMSARMA,SHAKILIMTIAZ,1
RAHULGAUTAMSARMA,MAHENDRARABHA,1
RAHULGAUTAMSARMA,SULAKSHANABARUAH,1
RAHULGAUTAMSARMA,INDUMOHANDAS,1
RAHULGAUTAMSARMA,MOUMITATALUKDAR,1
KULADABHATTACHARJYA,ADILHUSSAIN,1
KULADABHATTACHARJYA,SHAKILIMTIAZ,1
KULADABHATTACHARJYA,RAHULGAUTAMSARMA,1
KULADABHATTACHARJYA,MAHENDRARABHA,1
KULADABHATTACHARJYA,SULAKSHANABARUAH,1
KULADABHATTACHARJYA,INDUMOHANDAS,1
KULADABHATTACHARJYA,MOUMITATALUKDAR,1
INDUMOHANDAS,ADILHUSSAIN,1
INDUMOHANDAS,KULADABHATTACHARJYA,1
INDUMOHANDAS,SHAKILIMTIAZ,1
INDUMOHANDAS,RAHULGAUTAMSARMA,1
INDUMOHANDAS,MAHENDRARABHA,1
INDUMOHANDAS,SULAKSHANABARUAH,1
INDUMOHANDAS,MOUMITATALUKDAR,1
MOUMITATALUKDAR,ADILHUSSAIN,1
MOUMITATALUKDAR,KULADABHATTACHARJYA,1
MOUMITATALUKDAR,SHAKILIMTIAZ,1
MOUMITATALUKDAR,RAHULGAUTAMSARMA,1
MOUMITATALUKDAR,MAHENDRARABHA,1
MOUMITATALUKDAR,SULAKSHANABARUAH,1
MOUMITATALUKDAR,INDUMOHANDAS,1
SOUMITRACHATTERJEE,SUMANBANERJEE,1
SOUMITRACHATTERJEE,PRASENJITCHATTERJEE,1
SOUMITRACHATTERJEE,SUDIPTACHAKRABORTY,1
SOUMITRACHATTERJEE,INDRANIHALDAR,1
SOUMITRACHATTERJEE,GARGIROYCHOWDHURY,1
PRASENJITCHATTERJEE,SUMANBANERJEE,1
PRASENJITCHATTERJEE,SOUMITRACHATTERJEE,1
PRASENJITCHATTERJEE,SUDIPTACHAKRABORTY,1
PRASENJITCHATTERJEE,INDRANIHALDAR,1
PRASENJITCHATTERJEE,GARGIROYCHOWDHURY,1
INDRANIHALDAR,SUMANBANERJEE,1
INDRANIHALDAR,SOUMITRACHATTERJEE,1
INDRANIHALDAR,PRASENJITCHATTERJEE,1
INDRANIHALDAR,SUDIPTACHAKRABORTY,1
INDRANIHALDAR,GARGIROYCHOWDHURY,1
SUDIPTACHAKRABORTY,SUMANBANERJEE,1
SUDIPTACHAKRABORTY,SOUMITRACHATTERJEE,1
SUDIPTACHAKRABORTY,PRASENJITCHATTERJEE,1
SUDIPTACHAKRABORTY,INDRANIHALDAR,1
SUDIPTACHAKRABORTY,GARGIROYCHOWDHURY,1
SUMANBANERJEE,SOUMITRACHATTERJEE,1
SUMANBANERJEE,PRASENJITCHATTERJEE,1
SUMANBANERJEE,SUDIPTACHAKRABORTY,1
SUMANBANERJEE,INDRANIHALDAR,1
SUMANBANERJEE,GARGIROYCHOWDHURY,1
GARGIROYCHOWDHURY,SUMANBANERJEE,1
GARGIROYCHOWDHURY,SOUMITRACHATTERJEE,1
GARGIROYCHOWDHURY,PRASENJITCHATTERJEE,1
GARGIROYCHOWDHURY,SUDIPTACHAKRABORTY,1
GARGIROYCHOWDHURY,INDRANIHALDAR,1
UDAYKRISHNA,SANJAYKUMAR,1
UDAYKRISHNA,LUCYBOND,1
UDAYKRISHNA,BETHANYRISHELL,1
BETHANYRISHELL,UDAYKRISHNA,1
BETHANYRISHELL,LUCYBOND,1
BETHANYRISHELL,SANJAYKUMAR,1
LUCYBOND,UDAYKRISHNA,1
LUCYBOND,SANJAYKUMAR,1
LUCYBOND,BETHANYRISHELL,1
SANJAYKUMAR,UDAYKRISHNA,1
SANJAYKUMAR,LUCYBOND,1
SANJAYKUMAR,BETHANYRISHELL,1
ZOOEYDESCHANEL,GEOFFREYAREND,1
ZOOEYDESCHANEL,JOSEPHGORDON-LEVITT,1
GEOFFREYAREND,JOSEPHGORDON-LEVITT,1
GEOFFREYAREND,ZOOEYDESCHANEL,1
YOOAH-IN,PARKSHIN-HYE,1
PARKSHIN-HYE,YOOAH-IN,1
HELENMIRREN,GENGHERGATTI,1
GENGHERGATTI,HELENMIRREN,1
ADIPATIDOLKEN,REFALHADY,1
ADIPATIDOLKEN,DENIRAWIRAGUNA,1
ADIPATIDOLKEN,DIANDRAAGATHA,1
ADIPATIDOLKEN,BEBYTSABINA,1
ADIPATIDOLKEN,VANESHAPRESCILLA,1
ADIPATIDOLKEN,SARINILA,2
ADIPATIDOLKEN,RENDIJHON,1
ADIPATIDOLKEN,CLAYGRIBBLE,1
ADIPATIDOLKEN,VONNYCORNELLYA,1
ADIPATIDOLKEN,IVANLEONARDY,1
ADIPATIDOLKEN,MAWARDEJONGH,1
ADIPATIDOLKEN,JOURDYPRANATA,1
ADIPATIDOLKEN,SARAHSECHAN,1
VANESHAPRESCILLA,REFALHADY,1
VANESHAPRESCILLA,DENIRAWIRAGUNA,1
VANESHAPRESCILLA,DIANDRAAGATHA,1
VANESHAPRESCILLA,BEBYTSABINA,1
VANESHAPRESCILLA,ADIPATIDOLKEN,1
VANESHAPRESCILLA,SARINILA,1
VANESHAPRESCILLA,RENDIJHON,1
RENDIJHON,REFALHADY,1
RENDIJHON,DENIRAWIRAGUNA,1
RENDIJHON,DIANDRAAGATHA,1
RENDIJHON,BEBYTSABINA,1
RENDIJHON,ADIPATIDOLKEN,1
RENDIJHON,VANESHAPRESCILLA,1
RENDIJHON,SARINILA,1
BEBYTSABINA,REFALHADY,1
BEBYTSABINA,DENIRAWIRAGUNA,1
BEBYTSABINA,DIANDRAAGATHA,1
BEBYTSABINA,ADIPATIDOLKEN,1
BEBYTSABINA,VANESHAPRESCILLA,1
BEBYTSABINA,SARINILA,1
BEBYTSABINA,RENDIJHON,1
DENIRAWIRAGUNA,REFALHADY,1
DENIRAWIRAGUNA,DIANDRAAGATHA,1
DENIRAWIRAGUNA,BEBYTSABINA,1
DENIRAWIRAGUNA,ADIPATIDOLKEN,1
DENIRAWIRAGUNA,VANESHAPRESCILLA,1
DENIRAWIRAGUNA,SARINILA,1
DENIRAWIRAGUNA,RENDIJHON,1
REFALHADY,DENIRAWIRAGUNA,1
REFALHADY,DIANDRAAGATHA,1
REFALHADY,BEBYTSABINA,1
REFALHADY,ADIPATIDOLKEN,1
REFALHADY,VANESHAPRESCILLA,1
REFALHADY,SARINILA,1
REFALHADY,RENDIJHON,1
DIANDRAAGATHA,REFALHADY,1
DIANDRAAGATHA,DENIRAWIRAGUNA,1
DIANDRAAGATHA,BEBYTSABINA,1
DIANDRAAGATHA,ADIPATIDOLKEN,1
DIANDRAAGATHA,VANESHAPRESCILLA,1
DIANDRAAGATHA,SARINILA,1
DIANDRAAGATHA,RENDIJHON,1
SARINILA,REFALHADY,1
SARINILA,DENIRAWIRAGUNA,1
SARINILA,DIANDRAAGATHA,1
SARINILA,BEBYTSABINA,1
SARINILA,ADIPATIDOLKEN,1
SARINILA,VANESHAPRESCILLA,1
SARINILA,RENDIJHON,1
MAWARDEJONGH,CLAYGRIBBLE,1
MAWARDEJONGH,VONNYCORNELLYA,1
MAWARDEJONGH,IVANLEONARDY,1
MAWARDEJONGH,ADIPATIDOLKEN,1
MAWARDEJONGH,SARINILA,1
MAWARDEJONGH,JOURDYPRANATA,1
MAWARDEJONGH,SARAHSECHAN,1
SARINILA,CLAYGRIBBLE,1
SARINILA,VONNYCORNELLYA,1
SARINILA,IVANLEONARDY,1
SARINILA,ADIPATIDOLKEN,1
SARINILA,MAWARDEJONGH,1
SARINILA,JOURDYPRANATA,1
SARINILA,SARAHSECHAN,1
VONNYCORNELLYA,CLAYGRIBBLE,1
VONNYCORNELLYA,IVANLEONARDY,1
VONNYCORNELLYA,ADIPATIDOLKEN,1
VONNYCORNELLYA,SARINILA,1
VONNYCORNELLYA,MAWARDEJONGH,1
VONNYCORNELLYA,JOURDYPRANATA,1
VONNYCORNELLYA,SARAHSECHAN,1
CLAYGRIBBLE,VONNYCORNELLYA,1
CLAYGRIBBLE,IVANLEONARDY,1
CLAYGRIBBLE,ADIPATIDOLKEN,1
CLAYGRIBBLE,SARINILA,1
CLAYGRIBBLE,MAWARDEJONGH,1
CLAYGRIBBLE,JOURDYPRANATA,1
CLAYGRIBBLE,SARAHSECHAN,1
IVANLEONARDY,CLAYGRIBBLE,1
IVANLEONARDY,VONNYCORNELLYA,1
IVANLEONARDY,ADIPATIDOLKEN,1
IVANLEONARDY,SARINILA,1
IVANLEONARDY,MAWARDEJONGH,1
IVANLEONARDY,JOURDYPRANATA,1
IVANLEONARDY,SARAHSECHAN,1
SARAHSECHAN,CLAYGRIBBLE,1
SARAHSECHAN,VONNYCORNELLYA,1
SARAHSECHAN,IVANLEONARDY,1
SARAHSECHAN,ADIPATIDOLKEN,1
SARAHSECHAN,SARINILA,1
SARAHSECHAN,MAWARDEJONGH,1
SARAHSECHAN,JOURDYPRANATA,1
JOURDYPRANATA,CLAYGRIBBLE,1
JOURDYPRANATA,VONNYCORNELLYA,1
JOURDYPRANATA,IVANLEONARDY,1
JOURDYPRANATA,ADIPATIDOLKEN,1
JOURDYPRANATA,SARINILA,1
JOURDYPRANATA,MAWARDEJONGH,1
JOURDYPRANATA,SARAHSECHAN,1
INDRANS,MANJUPILLAI,2
INDRANS,KPACLALITHA,2
INDRANS,ANOOPMENON,2
INDRANS,NESLIN,2
INDRANS,CHITHRA,2
INDRANS,KAINAKARYTHANKARAJ,2
INDRANS,JOHNYANTONY,2
INDRANS,KIRANARAVINDHAKSHAN,2
INDRANS,SREENATHBHASI,2
INDRANS,PAULYWILSON,2
INDRANS,VIJAYBABU,2
INDRANS,AJUVARGHESE,2
INDRANS,SRIKANTHMURALI,2
INDRANS,MANIYANPILLAIRAJU,2
INDRANS,PRIYANKANAIR,2
SREENATHBHASI,MANJUPILLAI,2
SREENATHBHASI,KPACLALITHA,2
SREENATHBHASI,ANOOPMENON,2
SREENATHBHASI,NESLIN,2
SREENATHBHASI,CHITHRA,2
SREENATHBHASI,KAINAKARYTHANKARAJ,2
SREENATHBHASI,JOHNYANTONY,2
SREENATHBHASI,KIRANARAVINDHAKSHAN,2
SREENATHBHASI,INDRANS,2
SREENATHBHASI,PAULYWILSON,2
SREENATHBHASI,VIJAYBABU,2
SREENATHBHASI,AJUVARGHESE,2
SREENATHBHASI,SRIKANTHMURALI,2
SREENATHBHASI,MANIYANPILLAIRAJU,2
SREENATHBHASI,PRIYANKANAIR,2
VIJAYBABU,MANJUPILLAI,2
VIJAYBABU,KPACLALITHA,2
VIJAYBABU,ANOOPMENON,2
VIJAYBABU,NESLIN,2
VIJAYBABU,CHITHRA,2
VIJAYBABU,KAINAKARYTHANKARAJ,2
VIJAYBABU,JOHNYANTONY,2
VIJAYBABU,KIRANARAVINDHAKSHAN,2
VIJAYBABU,INDRANS,2
VIJAYBABU,SREENATHBHASI,2
VIJAYBABU,PAULYWILSON,2
VIJAYBABU,AJUVARGHESE,2
VIJAYBABU,SRIKANTHMURALI,2
VIJAYBABU,MANIYANPILLAIRAJU,2
VIJAYBABU,PRIYANKANAIR,2
MANJUPILLAI,KPACLALITHA,2
MANJUPILLAI,ANOOPMENON,2
MANJUPILLAI,NESLIN,2
MANJUPILLAI,CHITHRA,2
MANJUPILLAI,KAINAKARYTHANKARAJ,2
MANJUPILLAI,JOHNYANTONY,2
MANJUPILLAI,KIRANARAVINDHAKSHAN,2
MANJUPILLAI,INDRANS,2
MANJUPILLAI,SREENATHBHASI,2
MANJUPILLAI,PAULYWILSON,2
MANJUPILLAI,VIJAYBABU,2
MANJUPILLAI,AJUVARGHESE,2
MANJUPILLAI,SRIKANTHMURALI,2
MANJUPILLAI,MANIYANPILLAIRAJU,2
MANJUPILLAI,PRIYANKANAIR,2
NESLIN,MANJUPILLAI,2
NESLIN,KPACLALITHA,2
NESLIN,ANOOPMENON,2
NESLIN,CHITHRA,2
NESLIN,KAINAKARYTHANKARAJ,2
NESLIN,JOHNYANTONY,2
NESLIN,KIRANARAVINDHAKSHAN,2
NESLIN,INDRANS,2
NESLIN,SREENATHBHASI,2
NESLIN,PAULYWILSON,2
NESLIN,VIJAYBABU,2
NESLIN,AJUVARGHESE,2
NESLIN,SRIKANTHMURALI,2
NESLIN,MANIYANPILLAIRAJU,2
NESLIN,PRIYANKANAIR,2
KAINAKARYTHANKARAJ,MANJUPILLAI,2
KAINAKARYTHANKARAJ,KPACLALITHA,2
KAINAKARYTHANKARAJ,ANOOPMENON,2
KAINAKARYTHANKARAJ,NESLIN,2
KAINAKARYTHANKARAJ,CHITHRA,2
KAINAKARYTHANKARAJ,JOHNYANTONY,2
KAINAKARYTHANKARAJ,KIRANARAVINDHAKSHAN,2
KAINAKARYTHANKARAJ,INDRANS,2
KAINAKARYTHANKARAJ,SREENATHBHASI,2
KAINAKARYTHANKARAJ,PAULYWILSON,2
KAINAKARYTHANKARAJ,VIJAYBABU,2
KAINAKARYTHANKARAJ,AJUVARGHESE,2
KAINAKARYTHANKARAJ,SRIKANTHMURALI,2
KAINAKARYTHANKARAJ,MANIYANPILLAIRAJU,2
KAINAKARYTHANKARAJ,PRIYANKANAIR,2
KPACLALITHA,MANJUPILLAI,2
KPACLALITHA,ANOOPMENON,2
KPACLALITHA,NESLIN,2
KPACLALITHA,CHITHRA,2
KPACLALITHA,KAINAKARYTHANKARAJ,2
KPACLALITHA,JOHNYANTONY,2
KPACLALITHA,KIRANARAVINDHAKSHAN,2
KPACLALITHA,INDRANS,2
KPACLALITHA,SREENATHBHASI,2
KPACLALITHA,PAULYWILSON,2
KPACLALITHA,VIJAYBABU,2
KPACLALITHA,AJUVARGHESE,2
KPACLALITHA,SRIKANTHMURALI,2
KPACLALITHA,MANIYANPILLAIRAJU,2
KPACLALITHA,PRIYANKANAIR,2
SRIKANTHMURALI,MANJUPILLAI,2
SRIKANTHMURALI,KPACLALITHA,2
SRIKANTHMURALI,ANOOPMENON,2
SRIKANTHMURALI,NESLIN,2
SRIKANTHMURALI,CHITHRA,2
SRIKANTHMURALI,KAINAKARYTHANKARAJ,2
SRIKANTHMURALI,JOHNYANTONY,2
SRIKANTHMURALI,KIRANARAVINDHAKSHAN,2
SRIKANTHMURALI,INDRANS,2
SRIKANTHMURALI,SREENATHBHASI,2
SRIKANTHMURALI,PAULYWILSON,2
SRIKANTHMURALI,VIJAYBABU,2
SRIKANTHMURALI,AJUVARGHESE,2
SRIKANTHMURALI,MANIYANPILLAIRAJU,2
SRIKANTHMURALI,PRIYANKANAIR,2
JOHNYANTONY,MANJUPILLAI,2
JOHNYANTONY,KPACLALITHA,2
JOHNYANTONY,ANOOPMENON,2
JOHNYANTONY,NESLIN,2
JOHNYANTONY,CHITHRA,2
JOHNYANTONY,KAINAKARYTHANKARAJ,2
JOHNYANTONY,KIRANARAVINDHAKSHAN,2
JOHNYANTONY,INDRANS,2
JOHNYANTONY,SREENATHBHASI,2
JOHNYANTONY,PAULYWILSON,2
JOHNYANTONY,VIJAYBABU,2
JOHNYANTONY,AJUVARGHESE,2
JOHNYANTONY,SRIKANTHMURALI,2
JOHNYANTONY,MANIYANPILLAIRAJU,2
JOHNYANTONY,PRIYANKANAIR,2
PAULYWILSON,MANJUPILLAI,2
PAULYWILSON,KPACLALITHA,2
PAULYWILSON,ANOOPMENON,2
PAULYWILSON,NESLIN,2
PAULYWILSON,CHITHRA,2
PAULYWILSON,KAINAKARYTHANKARAJ,2
PAULYWILSON,JOHNYANTONY,2
PAULYWILSON,KIRANARAVINDHAKSHAN,2
PAULYWILSON,INDRANS,2
PAULYWILSON,SREENATHBHASI,2
PAULYWILSON,VIJAYBABU,2
PAULYWILSON,AJUVARGHESE,2
PAULYWILSON,SRIKANTHMURALI,2
PAULYWILSON,MANIYANPILLAIRAJU,2
PAULYWILSON,PRIYANKANAIR,2
MANIYANPILLAIRAJU,MANJUPILLAI,2
MANIYANPILLAIRAJU,KPACLALITHA,2
MANIYANPILLAIRAJU,ANOOPMENON,2
MANIYANPILLAIRAJU,NESLIN,2
MANIYANPILLAIRAJU,CHITHRA,2
MANIYANPILLAIRAJU,KAINAKARYTHANKARAJ,2
MANIYANPILLAIRAJU,JOHNYANTONY,2
MANIYANPILLAIRAJU,KIRANARAVINDHAKSHAN,2
MANIYANPILLAIRAJU,INDRANS,2
MANIYANPILLAIRAJU,SREENATHBHASI,2
MANIYANPILLAIRAJU,PAULYWILSON,2
MANIYANPILLAIRAJU,VIJAYBABU,2
MANIYANPILLAIRAJU,AJUVARGHESE,2
MANIYANPILLAIRAJU,SRIKANTHMURALI,2
MANIYANPILLAIRAJU,PRIYANKANAIR,2
ANOOPMENON,MANJUPILLAI,2
ANOOPMENON,KPACLALITHA,2
ANOOPMENON,NESLIN,2
ANOOPMENON,CHITHRA,2
ANOOPMENON,KAINAKARYTHANKARAJ,2
ANOOPMENON,JOHNYANTONY,2
ANOOPMENON,KIRANARAVINDHAKSHAN,2
ANOOPMENON,INDRANS,2
ANOOPMENON,SREENATHBHASI,2
ANOOPMENON,PAULYWILSON,2
ANOOPMENON,VIJAYBABU,2
ANOOPMENON,AJUVARGHESE,2
ANOOPMENON,SRIKANTHMURALI,2
ANOOPMENON,MANIYANPILLAIRAJU,2
ANOOPMENON,PRIYANKANAIR,2
AJUVARGHESE,MANJUPILLAI,2
AJUVARGHESE,KPACLALITHA,2
AJUVARGHESE,ANOOPMENON,2
AJUVARGHESE,NESLIN,2
AJUVARGHESE,CHITHRA,2
AJUVARGHESE,KAINAKARYTHANKARAJ,2
AJUVARGHESE,JOHNYANTONY,2
AJUVARGHESE,KIRANARAVINDHAKSHAN,2
AJUVARGHESE,INDRANS,2
AJUVARGHESE,SREENATHBHASI,2
AJUVARGHESE,PAULYWILSON,2
AJUVARGHESE,VIJAYBABU,2
AJUVARGHESE,SRIKANTHMURALI,2
AJUVARGHESE,MANIYANPILLAIRAJU,2
AJUVARGHESE,PRIYANKANAIR,2
KIRANARAVINDHAKSHAN,MANJUPILLAI,2
KIRANARAVINDHAKSHAN,KPACLALITHA,2
KIRANARAVINDHAKSHAN,ANOOPMENON,2
KIRANARAVINDHAKSHAN,NESLIN,2
KIRANARAVINDHAKSHAN,CHITHRA,2
KIRANARAVINDHAKSHAN,KAINAKARYTHANKARAJ,2
KIRANARAVINDHAKSHAN,JOHNYANTONY,2
KIRANARAVINDHAKSHAN,INDRANS,2
KIRANARAVINDHAKSHAN,SREENATHBHASI,2
KIRANARAVINDHAKSHAN,PAULYWILSON,2
KIRANARAVINDHAKSHAN,VIJAYBABU,2
KIRANARAVINDHAKSHAN,AJUVARGHESE,2
KIRANARAVINDHAKSHAN,SRIKANTHMURALI,2
KIRANARAVINDHAKSHAN,MANIYANPILLAIRAJU,2
KIRANARAVINDHAKSHAN,PRIYANKANAIR,2
CHITHRA,MANJUPILLAI,2
CHITHRA,KPACLALITHA,2
CHITHRA,ANOOPMENON,2
CHITHRA,NESLIN,2
CHITHRA,KAINAKARYTHANKARAJ,2
CHITHRA,JOHNYANTONY,2
CHITHRA,KIRANARAVINDHAKSHAN,2
CHITHRA,INDRANS,2
CHITHRA,SREENATHBHASI,2
CHITHRA,PAULYWILSON,2
CHITHRA,VIJAYBABU,2
CHITHRA,AJUVARGHESE,2
CHITHRA,SRIKANTHMURALI,2
CHITHRA,MANIYANPILLAIRAJU,2
CHITHRA,PRIYANKANAIR,2
PRIYANKANAIR,MANJUPILLAI,2
PRIYANKANAIR,KPACLALITHA,2
PRIYANKANAIR,ANOOPMENON,2
PRIYANKANAIR,NESLIN,2
PRIYANKANAIR,CHITHRA,2
PRIYANKANAIR,KAINAKARYTHANKARAJ,2
PRIYANKANAIR,JOHNYANTONY,2
PRIYANKANAIR,KIRANARAVINDHAKSHAN,2
PRIYANKANAIR,INDRANS,2
PRIYANKANAIR,SREENATHBHASI,2
PRIYANKANAIR,PAULYWILSON,2
PRIYANKANAIR,VIJAYBABU,2
PRIYANKANAIR,AJUVARGHESE,2
PRIYANKANAIR,SRIKANTHMURALI,2
PRIYANKANAIR,MANIYANPILLAIRAJU,2
TOMPELPHREY,JOEYRUSSO,1
TOMPELPHREY,MALCOLMGOODWIN,1
TOMPELPHREY,NATALIEHALL,1
TOMPELPHREY,CLIFFMETHODMANSMITH,1
NATALIEHALL,TOMPELPHREY,1
NATALIEHALL,JOEYRUSSO,1
NATALIEHALL,MALCOLMGOODWIN,1
NATALIEHALL,CLIFFMETHODMANSMITH,1
CLIFFMETHODMANSMITH,TOMPELPHREY,1
CLIFFMETHODMANSMITH,JOEYRUSSO,1
CLIFFMETHODMANSMITH,MALCOLMGOODWIN,1
CLIFFMETHODMANSMITH,NATALIEHALL,1
MALCOLMGOODWIN,TOMPELPHREY,1
MALCOLMGOODWIN,JOEYRUSSO,1
MALCOLMGOODWIN,NATALIEHALL,1
MALCOLMGOODWIN,CLIFFMETHODMANSMITH,1
JOEYRUSSO,TOMPELPHREY,1
JOEYRUSSO,MALCOLMGOODWIN,1
JOEYRUSSO,NATALIEHALL,1
JOEYRUSSO,CLIFFMETHODMANSMITH,1
NESTACOOPER,PETERGILROY,1
NESTACOOPER,JOHNMICHAELHIGGINS,1
NESTACOOPER,KIDINK,1
NESTACOOPER,JAKEBORELLI,1
NESTACOOPER,ANNEWINTERS,1
NESTACOOPER,KATEWALSH,1
NESTACOOPER,REBEKAHGRAF,1
NESTACOOPER,KEITHPOWERS,1
NESTACOOPER,YOUSEFERAKAT,1
NESTACOOPER,PATRICKDAVIS,1
NESTACOOPER,ALICIASANZ,1
JOHNMICHAELHIGGINS,PETERGILROY,1
JOHNMICHAELHIGGINS,KIDINK,1
JOHNMICHAELHIGGINS,NESTACOOPER,1
JOHNMICHAELHIGGINS,JAKEBORELLI,1
JOHNMICHAELHIGGINS,ANNEWINTERS,1
JOHNMICHAELHIGGINS,KATEWALSH,1
JOHNMICHAELHIGGINS,REBEKAHGRAF,1
JOHNMICHAELHIGGINS,KEITHPOWERS,1
JOHNMICHAELHIGGINS,YOUSEFERAKAT,1
JOHNMICHAELHIGGINS,PATRICKDAVIS,1
JOHNMICHAELHIGGINS,ALICIASANZ,1
KEITHPOWERS,PETERGILROY,1
KEITHPOWERS,JOHNMICHAELHIGGINS,1
KEITHPOWERS,KIDINK,1
KEITHPOWERS,NESTACOOPER,1
KEITHPOWERS,JAKEBORELLI,1
KEITHPOWERS,ANNEWINTERS,1
KEITHPOWERS,KATEWALSH,1
KEITHPOWERS,REBEKAHGRAF,1
KEITHPOWERS,YOUSEFERAKAT,1
KEITHPOWERS,PATRICKDAVIS,1
KEITHPOWERS,ALICIASANZ,1
ALICIASANZ,PETERGILROY,1
ALICIASANZ,JOHNMICHAELHIGGINS,1
ALICIASANZ,KIDINK,1
ALICIASANZ,NESTACOOPER,1
ALICIASANZ,JAKEBORELLI,1
ALICIASANZ,ANNEWINTERS,1
ALICIASANZ,KATEWALSH,1
ALICIASANZ,REBEKAHGRAF,1
ALICIASANZ,KEITHPOWERS,1
ALICIASANZ,YOUSEFERAKAT,1
ALICIASANZ,PATRICKDAVIS,1
JAKEBORELLI,PETERGILROY,1
JAKEBORELLI,JOHNMICHAELHIGGINS,1
JAKEBORELLI,KIDINK,1
JAKEBORELLI,NESTACOOPER,1
JAKEBORELLI,ANNEWINTERS,1
JAKEBORELLI,KATEWALSH,1
JAKEBORELLI,REBEKAHGRAF,1
JAKEBORELLI,KEITHPOWERS,1
JAKEBORELLI,YOUSEFERAKAT,1
JAKEBORELLI,PATRICKDAVIS,1
JAKEBORELLI,ALICIASANZ,1
KIDINK,PETERGILROY,1
KIDINK,JOHNMICHAELHIGGINS,1
KIDINK,NESTACOOPER,1
KIDINK,JAKEBORELLI,1
KIDINK,ANNEWINTERS,1
KIDINK,KATEWALSH,1
KIDINK,REBEKAHGRAF,1
KIDINK,KEITHPOWERS,1
KIDINK,YOUSEFERAKAT,1
KIDINK,PATRICKDAVIS,1
KIDINK,ALICIASANZ,1
YOUSEFERAKAT,PETERGILROY,1
YOUSEFERAKAT,JOHNMICHAELHIGGINS,1
YOUSEFERAKAT,KIDINK,1
YOUSEFERAKAT,NESTACOOPER,1
YOUSEFERAKAT,JAKEBORELLI,1
YOUSEFERAKAT,ANNEWINTERS,1
YOUSEFERAKAT,KATEWALSH,1
YOUSEFERAKAT,REBEKAHGRAF,1
YOUSEFERAKAT,KEITHPOWERS,1
YOUSEFERAKAT,PATRICKDAVIS,1
YOUSEFERAKAT,ALICIASANZ,1
REBEKAHGRAF,PETERGILROY,1
REBEKAHGRAF,JOHNMICHAELHIGGINS,1
REBEKAHGRAF,KIDINK,1
REBEKAHGRAF,NESTACOOPER,1
REBEKAHGRAF,JAKEBORELLI,1
REBEKAHGRAF,ANNEWINTERS,1
REBEKAHGRAF,KATEWALSH,1
REBEKAHGRAF,KEITHPOWERS,1
REBEKAHGRAF,YOUSEFERAKAT,1
REBEKAHGRAF,PATRICKDAVIS,1
REBEKAHGRAF,ALICIASANZ,1
ANNEWINTERS,PETERGILROY,1
ANNEWINTERS,JOHNMICHAELHIGGINS,1
ANNEWINTERS,KIDINK,1
ANNEWINTERS,NESTACOOPER,1
ANNEWINTERS,JAKEBORELLI,1
ANNEWINTERS,KATEWALSH,1
ANNEWINTERS,REBEKAHGRAF,1
ANNEWINTERS,KEITHPOWERS,1
ANNEWINTERS,YOUSEFERAKAT,1
ANNEWINTERS,PATRICKDAVIS,1
ANNEWINTERS,ALICIASANZ,1
PETERGILROY,JOHNMICHAELHIGGINS,1
PETERGILROY,KIDINK,1
PETERGILROY,NESTACOOPER,1
PETERGILROY,JAKEBORELLI,1
PETERGILROY,ANNEWINTERS,1
PETERGILROY,KATEWALSH,1
PETERGILROY,REBEKAHGRAF,1
PETERGILROY,KEITHPOWERS,1
PETERGILROY,YOUSEFERAKAT,1
PETERGILROY,PATRICKDAVIS,1
PETERGILROY,ALICIASANZ,1
PATRICKDAVIS,PETERGILROY,1
PATRICKDAVIS,JOHNMICHAELHIGGINS,1
PATRICKDAVIS,KIDINK,1
PATRICKDAVIS,NESTACOOPER,1
PATRICKDAVIS,JAKEBORELLI,1
PATRICKDAVIS,ANNEWINTERS,1
PATRICKDAVIS,KATEWALSH,1
PATRICKDAVIS,REBEKAHGRAF,1
PATRICKDAVIS,KEITHPOWERS,1
PATRICKDAVIS,YOUSEFERAKAT,1
PATRICKDAVIS,ALICIASANZ,1
JAKESHORT,CARTERTHICKE,1
JAKESHORT,PIPPAMACKIE,1
JAKESHORT,BOOBOOSTEWART,1
JAKESHORT,DANNYTREJO,1
JAKESHORT,SARAHFISHER,1
JAKESHORT,JAKESMITH,1
JAKESHORT,PATRICIAZENTILLI,1
SARAHFISHER,CARTERTHICKE,1
SARAHFISHER,PIPPAMACKIE,1
SARAHFISHER,BOOBOOSTEWART,1
SARAHFISHER,DANNYTREJO,1
SARAHFISHER,JAKESHORT,1
SARAHFISHER,JAKESMITH,1
SARAHFISHER,PATRICIAZENTILLI,1
BOOBOOSTEWART,CARTERTHICKE,1
BOOBOOSTEWART,PIPPAMACKIE,1
BOOBOOSTEWART,DANNYTREJO,1
BOOBOOSTEWART,SARAHFISHER,1
BOOBOOSTEWART,JAKESHORT,1
BOOBOOSTEWART,JAKESMITH,1
BOOBOOSTEWART,PATRICIAZENTILLI,1
DANNYTREJO,CARTERTHICKE,1
DANNYTREJO,PIPPAMACKIE,1
DANNYTREJO,BOOBOOSTEWART,1
DANNYTREJO,SARAHFISHER,1
DANNYTREJO,JAKESHORT,1
DANNYTREJO,JAKESMITH,1
DANNYTREJO,PATRICIAZENTILLI,1
PIPPAMACKIE,CARTERTHICKE,1
PIPPAMACKIE,BOOBOOSTEWART,1
PIPPAMACKIE,DANNYTREJO,1
PIPPAMACKIE,SARAHFISHER,1
PIPPAMACKIE,JAKESHORT,1
PIPPAMACKIE,JAKESMITH,1
PIPPAMACKIE,PATRICIAZENTILLI,1
JAKESMITH,CARTERTHICKE,1
JAKESMITH,PIPPAMACKIE,1
JAKESMITH,BOOBOOSTEWART,1
JAKESMITH,DANNYTREJO,1
JAKESMITH,SARAHFISHER,1
JAKESMITH,JAKESHORT,1
JAKESMITH,PATRICIAZENTILLI,1
PATRICIAZENTILLI,CARTERTHICKE,1
PATRICIAZENTILLI,PIPPAMACKIE,1
PATRICIAZENTILLI,BOOBOOSTEWART,1
PATRICIAZENTILLI,DANNYTREJO,1
PATRICIAZENTILLI,SARAHFISHER,1
PATRICIAZENTILLI,JAKESHORT,1
PATRICIAZENTILLI,JAKESMITH,1
CARTERTHICKE,PIPPAMACKIE,1
CARTERTHICKE,BOOBOOSTEWART,1
CARTERTHICKE,DANNYTREJO,1
CARTERTHICKE,SARAHFISHER,1
CARTERTHICKE,JAKESHORT,1
CARTERTHICKE,JAKESMITH,1
CARTERTHICKE,PATRICIAZENTILLI,1
FLAVIAHOJDA,CRINASEMCIUC,1
FLAVIAHOJDA,VLADLOGIGAN,1
FLAVIAHOJDA,SALILEVENT,1
FLAVIAHOJDA,ALEXCĂLIN,1
FLAVIAHOJDA,ALINACHIVULESCU,1
FLAVIAHOJDA,OLIMPIAMELINTE,1
FLAVIAHOJDA,RĂZVANVASILESCU,1
CRINASEMCIUC,VLADLOGIGAN,2
CRINASEMCIUC,SALILEVENT,2
CRINASEMCIUC,ALEXCĂLIN,2
CRINASEMCIUC,FLAVIAHOJDA,2
CRINASEMCIUC,ALINACHIVULESCU,1
CRINASEMCIUC,OLIMPIAMELINTE,2
CRINASEMCIUC,RĂZVANVASILESCU,1
CRINASEMCIUC,MIHAELAMIHUT,1
CRINASEMCIUC,MARIADINULESCU,1
CRINASEMCIUC,MAIAMORGENSTERN,1
CRINASEMCIUC,SILVIABUSUIOC,1
OLIMPIAMELINTE,CRINASEMCIUC,2
OLIMPIAMELINTE,VLADLOGIGAN,2
OLIMPIAMELINTE,SALILEVENT,2
OLIMPIAMELINTE,ALEXCĂLIN,2
OLIMPIAMELINTE,FLAVIAHOJDA,2
OLIMPIAMELINTE,ALINACHIVULESCU,1
OLIMPIAMELINTE,RĂZVANVASILESCU,1
OLIMPIAMELINTE,MIHAELAMIHUT,1
OLIMPIAMELINTE,MARIADINULESCU,1
OLIMPIAMELINTE,MAIAMORGENSTERN,1
OLIMPIAMELINTE,SILVIABUSUIOC,1
SALILEVENT,CRINASEMCIUC,2
SALILEVENT,VLADLOGIGAN,2
SALILEVENT,ALEXCĂLIN,2
SALILEVENT,FLAVIAHOJDA,2
SALILEVENT,ALINACHIVULESCU,1
SALILEVENT,OLIMPIAMELINTE,2
SALILEVENT,RĂZVANVASILESCU,1
SALILEVENT,MIHAELAMIHUT,1
SALILEVENT,MARIADINULESCU,1
SALILEVENT,MAIAMORGENSTERN,1
SALILEVENT,SILVIABUSUIOC,1
VLADLOGIGAN,CRINASEMCIUC,2
VLADLOGIGAN,SALILEVENT,2
VLADLOGIGAN,ALEXCĂLIN,2
VLADLOGIGAN,FLAVIAHOJDA,2
VLADLOGIGAN,ALINACHIVULESCU,1
VLADLOGIGAN,OLIMPIAMELINTE,2
VLADLOGIGAN,RĂZVANVASILESCU,1
VLADLOGIGAN,MIHAELAMIHUT,1
VLADLOGIGAN,MARIADINULESCU,1
VLADLOGIGAN,MAIAMORGENSTERN,1
VLADLOGIGAN,SILVIABUSUIOC,1
ALEXCĂLIN,CRINASEMCIUC,2
ALEXCĂLIN,VLADLOGIGAN,2
ALEXCĂLIN,SALILEVENT,2
ALEXCĂLIN,FLAVIAHOJDA,2
ALEXCĂLIN,ALINACHIVULESCU,1
ALEXCĂLIN,OLIMPIAMELINTE,2
ALEXCĂLIN,RĂZVANVASILESCU,1
ALEXCĂLIN,MIHAELAMIHUT,1
ALEXCĂLIN,MARIADINULESCU,1
ALEXCĂLIN,MAIAMORGENSTERN,1
ALEXCĂLIN,SILVIABUSUIOC,1
ALINACHIVULESCU,CRINASEMCIUC,1
ALINACHIVULESCU,VLADLOGIGAN,1
ALINACHIVULESCU,SALILEVENT,1
ALINACHIVULESCU,ALEXCĂLIN,1
ALINACHIVULESCU,FLAVIAHOJDA,1
ALINACHIVULESCU,OLIMPIAMELINTE,1
ALINACHIVULESCU,RĂZVANVASILESCU,1
RĂZVANVASILESCU,CRINASEMCIUC,1
RĂZVANVASILESCU,VLADLOGIGAN,1
RĂZVANVASILESCU,SALILEVENT,1
RĂZVANVASILESCU,ALEXCĂLIN,1
RĂZVANVASILESCU,FLAVIAHOJDA,1
RĂZVANVASILESCU,ALINACHIVULESCU,1
RĂZVANVASILESCU,OLIMPIAMELINTE,1
MAIAMORGENSTERN,MIHAELAMIHUT,1
MAIAMORGENSTERN,MARIADINULESCU,1
MAIAMORGENSTERN,CRINASEMCIUC,1
MAIAMORGENSTERN,VLADLOGIGAN,1
MAIAMORGENSTERN,SALILEVENT,1
MAIAMORGENSTERN,ALEXCĂLIN,1
MAIAMORGENSTERN,FLAVIAHOJDA,1
MAIAMORGENSTERN,OLIMPIAMELINTE,1
MAIAMORGENSTERN,SILVIABUSUIOC,1
FLAVIAHOJDA,MIHAELAMIHUT,1
FLAVIAHOJDA,MARIADINULESCU,1
FLAVIAHOJDA,CRINASEMCIUC,1
FLAVIAHOJDA,MAIAMORGENSTERN,1
FLAVIAHOJDA,VLADLOGIGAN,1
FLAVIAHOJDA,SALILEVENT,1
FLAVIAHOJDA,ALEXCĂLIN,1
FLAVIAHOJDA,OLIMPIAMELINTE,1
FLAVIAHOJDA,SILVIABUSUIOC,1
MARIADINULESCU,MIHAELAMIHUT,1
MARIADINULESCU,CRINASEMCIUC,1
MARIADINULESCU,MAIAMORGENSTERN,1
MARIADINULESCU,VLADLOGIGAN,1
MARIADINULESCU,SALILEVENT,1
MARIADINULESCU,ALEXCĂLIN,1
MARIADINULESCU,FLAVIAHOJDA,1
MARIADINULESCU,OLIMPIAMELINTE,1
MARIADINULESCU,SILVIABUSUIOC,1
SILVIABUSUIOC,MIHAELAMIHUT,1
SILVIABUSUIOC,MARIADINULESCU,1
SILVIABUSUIOC,CRINASEMCIUC,1
SILVIABUSUIOC,MAIAMORGENSTERN,1
SILVIABUSUIOC,VLADLOGIGAN,1
SILVIABUSUIOC,SALILEVENT,1
SILVIABUSUIOC,ALEXCĂLIN,1
SILVIABUSUIOC,FLAVIAHOJDA,1
SILVIABUSUIOC,OLIMPIAMELINTE,1
MIHAELAMIHUT,MARIADINULESCU,1
MIHAELAMIHUT,CRINASEMCIUC,1
MIHAELAMIHUT,MAIAMORGENSTERN,1
MIHAELAMIHUT,VLADLOGIGAN,1
MIHAELAMIHUT,SALILEVENT,1
MIHAELAMIHUT,ALEXCĂLIN,1
MIHAELAMIHUT,FLAVIAHOJDA,1
MIHAELAMIHUT,OLIMPIAMELINTE,1
MIHAELAMIHUT,SILVIABUSUIOC,1
GEORGECONWAY,RUTHBEN-GHIAT,1
GEORGECONWAY,BILLKRISTOL,1
GEORGECONWAY,MALCOLMNANCE,1
GEORGECONWAY,ANTHONYSCARAMUCCI,1
ANTHONYSCARAMUCCI,RUTHBEN-GHIAT,1
ANTHONYSCARAMUCCI,BILLKRISTOL,1
ANTHONYSCARAMUCCI,MALCOLMNANCE,1
ANTHONYSCARAMUCCI,GEORGECONWAY,1
BILLKRISTOL,GEORGECONWAY,1
BILLKRISTOL,RUTHBEN-GHIAT,1
BILLKRISTOL,MALCOLMNANCE,1
BILLKRISTOL,ANTHONYSCARAMUCCI,1
MALCOLMNANCE,RUTHBEN-GHIAT,1
MALCOLMNANCE,BILLKRISTOL,1
MALCOLMNANCE,GEORGECONWAY,1
MALCOLMNANCE,ANTHONYSCARAMUCCI,1
RUTHBEN-GHIAT,GEORGECONWAY,1
RUTHBEN-GHIAT,BILLKRISTOL,1
RUTHBEN-GHIAT,MALCOLMNANCE,1
RUTHBEN-GHIAT,ANTHONYSCARAMUCCI,1
ESTEFANÍADELOSSANTOS,TERELEPÁVEZ,1
ESTEFANÍADELOSSANTOS,MARÍAALFONSAROSSO,1
ESTEFANÍADELOSSANTOS,PAZVEGA,1
ESTEFANÍADELOSSANTOS,ALFONSOSÁNCHEZ,1
ESTEFANÍADELOSSANTOS,CONCHAGALÁN,1
ESTEFANÍADELOSSANTOS,MARIOLAFUENTES,1
ESTEFANÍADELOSSANTOS,SECUNDELAROSA,1
ESTEFANÍADELOSSANTOS,MARTATORNÉ,1
SECUNDELAROSA,TERELEPÁVEZ,1
SECUNDELAROSA,MARÍAALFONSAROSSO,1
SECUNDELAROSA,PAZVEGA,1
SECUNDELAROSA,ALFONSOSÁNCHEZ,1
SECUNDELAROSA,CONCHAGALÁN,1
SECUNDELAROSA,MARIOLAFUENTES,1
SECUNDELAROSA,ESTEFANÍADELOSSANTOS,1
SECUNDELAROSA,MARTATORNÉ,1
TERELEPÁVEZ,MARÍAALFONSAROSSO,1
TERELEPÁVEZ,PAZVEGA,1
TERELEPÁVEZ,ALFONSOSÁNCHEZ,1
TERELEPÁVEZ,CONCHAGALÁN,1
TERELEPÁVEZ,MARIOLAFUENTES,1
TERELEPÁVEZ,SECUNDELAROSA,1
TERELEPÁVEZ,ESTEFANÍADELOSSANTOS,1
TERELEPÁVEZ,MARTATORNÉ,1
MARÍAALFONSAROSSO,TERELEPÁVEZ,1
MARÍAALFONSAROSSO,PAZVEGA,1
MARÍAALFONSAROSSO,ALFONSOSÁNCHEZ,1
MARÍAALFONSAROSSO,CONCHAGALÁN,1
MARÍAALFONSAROSSO,MARIOLAFUENTES,1
MARÍAALFONSAROSSO,SECUNDELAROSA,1
MARÍAALFONSAROSSO,ESTEFANÍADELOSSANTOS,1
MARÍAALFONSAROSSO,MARTATORNÉ,1
MARIOLAFUENTES,TERELEPÁVEZ,1
MARIOLAFUENTES,MARÍAALFONSAROSSO,1
MARIOLAFUENTES,PAZVEGA,1
MARIOLAFUENTES,ALFONSOSÁNCHEZ,1
MARIOLAFUENTES,CONCHAGALÁN,1
MARIOLAFUENTES,SECUNDELAROSA,1
MARIOLAFUENTES,ESTEFANÍADELOSSANTOS,1
MARIOLAFUENTES,MARTATORNÉ,1
ALFONSOSÁNCHEZ,TERELEPÁVEZ,1
ALFONSOSÁNCHEZ,MARÍAALFONSAROSSO,1
ALFONSOSÁNCHEZ,PAZVEGA,1
ALFONSOSÁNCHEZ,CONCHAGALÁN,1
ALFONSOSÁNCHEZ,MARIOLAFUENTES,1
ALFONSOSÁNCHEZ,SECUNDELAROSA,1
ALFONSOSÁNCHEZ,ESTEFANÍADELOSSANTOS,1
ALFONSOSÁNCHEZ,MARTATORNÉ,1
PAZVEGA,TERELEPÁVEZ,1
PAZVEGA,MARÍAALFONSAROSSO,1
PAZVEGA,ALFONSOSÁNCHEZ,1
PAZVEGA,CONCHAGALÁN,1
PAZVEGA,MARIOLAFUENTES,1
PAZVEGA,SECUNDELAROSA,1
PAZVEGA,ESTEFANÍADELOSSANTOS,1
PAZVEGA,MARTATORNÉ,1
PAZVEGA,JONAHHILL,1
PAZVEGA,MORGANFREEMAN,1
MARTATORNÉ,TERELEPÁVEZ,1
MARTATORNÉ,MARÍAALFONSAROSSO,1
MARTATORNÉ,PAZVEGA,1
MARTATORNÉ,ALFONSOSÁNCHEZ,1
MARTATORNÉ,CONCHAGALÁN,1
MARTATORNÉ,MARIOLAFUENTES,1
MARTATORNÉ,SECUNDELAROSA,1
MARTATORNÉ,ESTEFANÍADELOSSANTOS,1
CONCHAGALÁN,TERELEPÁVEZ,1
CONCHAGALÁN,MARÍAALFONSAROSSO,1
CONCHAGALÁN,PAZVEGA,1
CONCHAGALÁN,ALFONSOSÁNCHEZ,1
CONCHAGALÁN,MARIOLAFUENTES,1
CONCHAGALÁN,SECUNDELAROSA,1
CONCHAGALÁN,ESTEFANÍADELOSSANTOS,1
CONCHAGALÁN,MARTATORNÉ,1
ERDEMYENER,EMINOLCAY,1
ERDEMYENER,TARIKPAPUÇÇUOĞLU,1
ERDEMYENER,SUZANAKSOY,1
ERDEMYENER,ESINEDEN,1
ERDEMYENER,AYHANTAŞ,1
ERDEMYENER,ELIFNURKERKÜK,1
ERDEMYENER,DENIZÖZERMAN,1
ERDEMYENER,MUHARREMGÜLMEZ,1
ERDEMYENER,DOĞAKONAKOĞLU,1
AYHANTAŞ,EMINOLCAY,1
AYHANTAŞ,ERDEMYENER,1
AYHANTAŞ,TARIKPAPUÇÇUOĞLU,1
AYHANTAŞ,SUZANAKSOY,1
AYHANTAŞ,ESINEDEN,1
AYHANTAŞ,ELIFNURKERKÜK,1
AYHANTAŞ,DENIZÖZERMAN,1
AYHANTAŞ,MUHARREMGÜLMEZ,1
AYHANTAŞ,DOĞAKONAKOĞLU,1
EMINOLCAY,ERDEMYENER,1
EMINOLCAY,TARIKPAPUÇÇUOĞLU,1
EMINOLCAY,SUZANAKSOY,1
EMINOLCAY,ESINEDEN,1
EMINOLCAY,AYHANTAŞ,1
EMINOLCAY,ELIFNURKERKÜK,1
EMINOLCAY,DENIZÖZERMAN,1
EMINOLCAY,MUHARREMGÜLMEZ,1
EMINOLCAY,DOĞAKONAKOĞLU,1
MUHARREMGÜLMEZ,EMINOLCAY,1
MUHARREMGÜLMEZ,ERDEMYENER,1
MUHARREMGÜLMEZ,TARIKPAPUÇÇUOĞLU,1
MUHARREMGÜLMEZ,SUZANAKSOY,1
MUHARREMGÜLMEZ,ESINEDEN,1
MUHARREMGÜLMEZ,AYHANTAŞ,1
MUHARREMGÜLMEZ,ELIFNURKERKÜK,1
MUHARREMGÜLMEZ,DENIZÖZERMAN,1
MUHARREMGÜLMEZ,DOĞAKONAKOĞLU,1
ELIFNURKERKÜK,EMINOLCAY,1
ELIFNURKERKÜK,ERDEMYENER,1
ELIFNURKERKÜK,TARIKPAPUÇÇUOĞLU,1
ELIFNURKERKÜK,SUZANAKSOY,1
ELIFNURKERKÜK,ESINEDEN,1
ELIFNURKERKÜK,AYHANTAŞ,1
ELIFNURKERKÜK,DENIZÖZERMAN,1
ELIFNURKERKÜK,MUHARREMGÜLMEZ,1
ELIFNURKERKÜK,DOĞAKONAKOĞLU,1
TARIKPAPUÇÇUOĞLU,EMINOLCAY,1
TARIKPAPUÇÇUOĞLU,ERDEMYENER,1
TARIKPAPUÇÇUOĞLU,SUZANAKSOY,1
TARIKPAPUÇÇUOĞLU,ESINEDEN,1
TARIKPAPUÇÇUOĞLU,AYHANTAŞ,1
TARIKPAPUÇÇUOĞLU,ELIFNURKERKÜK,1
TARIKPAPUÇÇUOĞLU,DENIZÖZERMAN,1
TARIKPAPUÇÇUOĞLU,MUHARREMGÜLMEZ,1
TARIKPAPUÇÇUOĞLU,DOĞAKONAKOĞLU,1
SUZANAKSOY,EMINOLCAY,1
SUZANAKSOY,ERDEMYENER,1
SUZANAKSOY,TARIKPAPUÇÇUOĞLU,1
SUZANAKSOY,ESINEDEN,1
SUZANAKSOY,AYHANTAŞ,1
SUZANAKSOY,ELIFNURKERKÜK,1
SUZANAKSOY,DENIZÖZERMAN,1
SUZANAKSOY,MUHARREMGÜLMEZ,1
SUZANAKSOY,DOĞAKONAKOĞLU,1
DOĞAKONAKOĞLU,EMINOLCAY,1
DOĞAKONAKOĞLU,ERDEMYENER,1
DOĞAKONAKOĞLU,TARIKPAPUÇÇUOĞLU,1
DOĞAKONAKOĞLU,SUZANAKSOY,1
DOĞAKONAKOĞLU,ESINEDEN,1
DOĞAKONAKOĞLU,AYHANTAŞ,1
DOĞAKONAKOĞLU,ELIFNURKERKÜK,1
DOĞAKONAKOĞLU,DENIZÖZERMAN,1
DOĞAKONAKOĞLU,MUHARREMGÜLMEZ,1
ESINEDEN,EMINOLCAY,1
ESINEDEN,ERDEMYENER,1
ESINEDEN,TARIKPAPUÇÇUOĞLU,1
ESINEDEN,SUZANAKSOY,1
ESINEDEN,AYHANTAŞ,1
ESINEDEN,ELIFNURKERKÜK,1
ESINEDEN,DENIZÖZERMAN,1
ESINEDEN,MUHARREMGÜLMEZ,1
ESINEDEN,DOĞAKONAKOĞLU,1
DENIZÖZERMAN,EMINOLCAY,1
DENIZÖZERMAN,ERDEMYENER,1
DENIZÖZERMAN,TARIKPAPUÇÇUOĞLU,1
DENIZÖZERMAN,SUZANAKSOY,1
DENIZÖZERMAN,ESINEDEN,1
DENIZÖZERMAN,AYHANTAŞ,1
DENIZÖZERMAN,ELIFNURKERKÜK,1
DENIZÖZERMAN,MUHARREMGÜLMEZ,1
DENIZÖZERMAN,DOĞAKONAKOĞLU,1
JÓHANNESHAUKURJÓHANNESSON,ÁGÚSTAEVAERLENDSDÓTTIR,1
JÓHANNESHAUKURJÓHANNESSON,ELMASTEFANIAAGUSTSDOTTIR,1
JÓHANNESHAUKURJÓHANNESSON,SVEINNGEIRSSON,1
JÓHANNESHAUKURJÓHANNESSON,JÓHANNSIGURÐARSON,1
JÓHANNESHAUKURJÓHANNESSON,THORKRISTJANSSON,1
JÓHANNESHAUKURJÓHANNESSON,ARNARPÁLLHARÐARSON,1
JÓHANNESHAUKURJÓHANNESSON,ANNAGUNNDÍSGUÐMUNDSDÓTTIR,1
JÓHANNESHAUKURJÓHANNESSON,ÞRÖSTURLEÓGUNNARSSON,1
JÓHANNESHAUKURJÓHANNESSON,SARADÖGGÁSGEIRSDÓTTIR,1
ÁGÚSTAEVAERLENDSDÓTTIR,ELMASTEFANIAAGUSTSDOTTIR,1
ÁGÚSTAEVAERLENDSDÓTTIR,SVEINNGEIRSSON,1
ÁGÚSTAEVAERLENDSDÓTTIR,JÓHANNSIGURÐARSON,1
ÁGÚSTAEVAERLENDSDÓTTIR,JÓHANNESHAUKURJÓHANNESSON,1
ÁGÚSTAEVAERLENDSDÓTTIR,THORKRISTJANSSON,1
ÁGÚSTAEVAERLENDSDÓTTIR,ARNARPÁLLHARÐARSON,1
ÁGÚSTAEVAERLENDSDÓTTIR,ANNAGUNNDÍSGUÐMUNDSDÓTTIR,1
ÁGÚSTAEVAERLENDSDÓTTIR,ÞRÖSTURLEÓGUNNARSSON,1
ÁGÚSTAEVAERLENDSDÓTTIR,SARADÖGGÁSGEIRSDÓTTIR,1
ELMASTEFANIAAGUSTSDOTTIR,ÁGÚSTAEVAERLENDSDÓTTIR,1
ELMASTEFANIAAGUSTSDOTTIR,SVEINNGEIRSSON,1
ELMASTEFANIAAGUSTSDOTTIR,JÓHANNSIGURÐARSON,1
ELMASTEFANIAAGUSTSDOTTIR,JÓHANNESHAUKURJÓHANNESSON,1
ELMASTEFANIAAGUSTSDOTTIR,THORKRISTJANSSON,1
ELMASTEFANIAAGUSTSDOTTIR,ARNARPÁLLHARÐARSON,1
ELMASTEFANIAAGUSTSDOTTIR,ANNAGUNNDÍSGUÐMUNDSDÓTTIR,1
ELMASTEFANIAAGUSTSDOTTIR,ÞRÖSTURLEÓGUNNARSSON,1
ELMASTEFANIAAGUSTSDOTTIR,SARADÖGGÁSGEIRSDÓTTIR,1
THORKRISTJANSSON,ÁGÚSTAEVAERLENDSDÓTTIR,1
THORKRISTJANSSON,ELMASTEFANIAAGUSTSDOTTIR,1
THORKRISTJANSSON,SVEINNGEIRSSON,1
THORKRISTJANSSON,JÓHANNSIGURÐARSON,1
THORKRISTJANSSON,JÓHANNESHAUKURJÓHANNESSON,1
THORKRISTJANSSON,ARNARPÁLLHARÐARSON,1
THORKRISTJANSSON,ANNAGUNNDÍSGUÐMUNDSDÓTTIR,1
THORKRISTJANSSON,ÞRÖSTURLEÓGUNNARSSON,1
THORKRISTJANSSON,SARADÖGGÁSGEIRSDÓTTIR,1
ANNAGUNNDÍSGUÐMUNDSDÓTTIR,ÁGÚSTAEVAERLENDSDÓTTIR,1
ANNAGUNNDÍSGUÐMUNDSDÓTTIR,ELMASTEFANIAAGUSTSDOTTIR,1
ANNAGUNNDÍSGUÐMUNDSDÓTTIR,SVEINNGEIRSSON,1
ANNAGUNNDÍSGUÐMUNDSDÓTTIR,JÓHANNSIGURÐARSON,1
ANNAGUNNDÍSGUÐMUNDSDÓTTIR,JÓHANNESHAUKURJÓHANNESSON,1
ANNAGUNNDÍSGUÐMUNDSDÓTTIR,THORKRISTJANSSON,1
ANNAGUNNDÍSGUÐMUNDSDÓTTIR,ARNARPÁLLHARÐARSON,1
ANNAGUNNDÍSGUÐMUNDSDÓTTIR,ÞRÖSTURLEÓGUNNARSSON,1
ANNAGUNNDÍSGUÐMUNDSDÓTTIR,SARADÖGGÁSGEIRSDÓTTIR,1
SARADÖGGÁSGEIRSDÓTTIR,ÁGÚSTAEVAERLENDSDÓTTIR,1
SARADÖGGÁSGEIRSDÓTTIR,ELMASTEFANIAAGUSTSDOTTIR,1
SARADÖGGÁSGEIRSDÓTTIR,SVEINNGEIRSSON,1
SARADÖGGÁSGEIRSDÓTTIR,JÓHANNSIGURÐARSON,1
SARADÖGGÁSGEIRSDÓTTIR,JÓHANNESHAUKURJÓHANNESSON,1
SARADÖGGÁSGEIRSDÓTTIR,THORKRISTJANSSON,1
SARADÖGGÁSGEIRSDÓTTIR,ARNARPÁLLHARÐARSON,1
SARADÖGGÁSGEIRSDÓTTIR,ANNAGUNNDÍSGUÐMUNDSDÓTTIR,1
SARADÖGGÁSGEIRSDÓTTIR,ÞRÖSTURLEÓGUNNARSSON,1
ÞRÖSTURLEÓGUNNARSSON,ÁGÚSTAEVAERLENDSDÓTTIR,1
ÞRÖSTURLEÓGUNNARSSON,ELMASTEFANIAAGUSTSDOTTIR,1
ÞRÖSTURLEÓGUNNARSSON,SVEINNGEIRSSON,1
ÞRÖSTURLEÓGUNNARSSON,JÓHANNSIGURÐARSON,1
ÞRÖSTURLEÓGUNNARSSON,JÓHANNESHAUKURJÓHANNESSON,1
ÞRÖSTURLEÓGUNNARSSON,THORKRISTJANSSON,1
ÞRÖSTURLEÓGUNNARSSON,ARNARPÁLLHARÐARSON,1
ÞRÖSTURLEÓGUNNARSSON,ANNAGUNNDÍSGUÐMUNDSDÓTTIR,1
ÞRÖSTURLEÓGUNNARSSON,SARADÖGGÁSGEIRSDÓTTIR,1
JÓHANNSIGURÐARSON,ÁGÚSTAEVAERLENDSDÓTTIR,1
JÓHANNSIGURÐARSON,ELMASTEFANIAAGUSTSDOTTIR,1
JÓHANNSIGURÐARSON,SVEINNGEIRSSON,1
JÓHANNSIGURÐARSON,JÓHANNESHAUKURJÓHANNESSON,1
JÓHANNSIGURÐARSON,THORKRISTJANSSON,1
JÓHANNSIGURÐARSON,ARNARPÁLLHARÐARSON,1
JÓHANNSIGURÐARSON,ANNAGUNNDÍSGUÐMUNDSDÓTTIR,1
JÓHANNSIGURÐARSON,ÞRÖSTURLEÓGUNNARSSON,1
JÓHANNSIGURÐARSON,SARADÖGGÁSGEIRSDÓTTIR,1
SVEINNGEIRSSON,ÁGÚSTAEVAERLENDSDÓTTIR,1
SVEINNGEIRSSON,ELMASTEFANIAAGUSTSDOTTIR,1
SVEINNGEIRSSON,JÓHANNSIGURÐARSON,1
SVEINNGEIRSSON,JÓHANNESHAUKURJÓHANNESSON,1
SVEINNGEIRSSON,THORKRISTJANSSON,1
SVEINNGEIRSSON,ARNARPÁLLHARÐARSON,1
SVEINNGEIRSSON,ANNAGUNNDÍSGUÐMUNDSDÓTTIR,1
SVEINNGEIRSSON,ÞRÖSTURLEÓGUNNARSSON,1
SVEINNGEIRSSON,SARADÖGGÁSGEIRSDÓTTIR,1
ARNARPÁLLHARÐARSON,ÁGÚSTAEVAERLENDSDÓTTIR,1
ARNARPÁLLHARÐARSON,ELMASTEFANIAAGUSTSDOTTIR,1
ARNARPÁLLHARÐARSON,SVEINNGEIRSSON,1
ARNARPÁLLHARÐARSON,JÓHANNSIGURÐARSON,1
ARNARPÁLLHARÐARSON,JÓHANNESHAUKURJÓHANNESSON,1
ARNARPÁLLHARÐARSON,THORKRISTJANSSON,1
ARNARPÁLLHARÐARSON,ANNAGUNNDÍSGUÐMUNDSDÓTTIR,1
ARNARPÁLLHARÐARSON,ÞRÖSTURLEÓGUNNARSSON,1
ARNARPÁLLHARÐARSON,SARADÖGGÁSGEIRSDÓTTIR,1
AYÇAERTURAN,GÜLSÜMALKAN,1
AYÇAERTURAN,HAMDIKAHRAMAN,1
AYÇAERTURAN,BÜŞRAPEKIN,1
AYÇAERTURAN,BÜLENTEMRAHPARLAK,1
AYÇAERTURAN,METINKEÇECI,1
AYÇAERTURAN,BURCUGÖNDER,1
AYÇAERTURAN,AYDANTAŞ,1
AYÇAERTURAN,İBRAHIMBÜYÜKAK,1
AYÇAERTURAN,GÜLHANTEKIN,1
AYÇAERTURAN,ESERYENENLER,1
AYÇAERTURAN,GIZEMTUĞRAL,1
AYÇAERTURAN,ERSINKORKUT,1
AYÇAERTURAN,EMRECANPOLAT,1
AYÇAERTURAN,AYŞEGÜLAKDEMIR,1
AYDANTAŞ,GÜLSÜMALKAN,1
AYDANTAŞ,HAMDIKAHRAMAN,1
AYDANTAŞ,BÜŞRAPEKIN,1
AYDANTAŞ,BÜLENTEMRAHPARLAK,1
AYDANTAŞ,METINKEÇECI,1
AYDANTAŞ,BURCUGÖNDER,1
AYDANTAŞ,İBRAHIMBÜYÜKAK,1
AYDANTAŞ,GÜLHANTEKIN,1
AYDANTAŞ,ESERYENENLER,1
AYDANTAŞ,GIZEMTUĞRAL,1
AYDANTAŞ,ERSINKORKUT,1
AYDANTAŞ,EMRECANPOLAT,1
AYDANTAŞ,AYÇAERTURAN,1
AYDANTAŞ,AYŞEGÜLAKDEMIR,1
AYŞEGÜLAKDEMIR,GÜLSÜMALKAN,1
AYŞEGÜLAKDEMIR,HAMDIKAHRAMAN,1
AYŞEGÜLAKDEMIR,BÜŞRAPEKIN,1
AYŞEGÜLAKDEMIR,BÜLENTEMRAHPARLAK,1
AYŞEGÜLAKDEMIR,METINKEÇECI,1
AYŞEGÜLAKDEMIR,BURCUGÖNDER,1
AYŞEGÜLAKDEMIR,AYDANTAŞ,1
AYŞEGÜLAKDEMIR,İBRAHIMBÜYÜKAK,1
AYŞEGÜLAKDEMIR,GÜLHANTEKIN,1
AYŞEGÜLAKDEMIR,ESERYENENLER,1
AYŞEGÜLAKDEMIR,GIZEMTUĞRAL,1
AYŞEGÜLAKDEMIR,ERSINKORKUT,1
AYŞEGÜLAKDEMIR,EMRECANPOLAT,1
AYŞEGÜLAKDEMIR,AYÇAERTURAN,1
BURCUGÖNDER,GÜLSÜMALKAN,1
BURCUGÖNDER,HAMDIKAHRAMAN,1
BURCUGÖNDER,BÜŞRAPEKIN,1
BURCUGÖNDER,BÜLENTEMRAHPARLAK,1
BURCUGÖNDER,METINKEÇECI,1
BURCUGÖNDER,AYDANTAŞ,1
BURCUGÖNDER,İBRAHIMBÜYÜKAK,1
BURCUGÖNDER,GÜLHANTEKIN,1
BURCUGÖNDER,ESERYENENLER,1
BURCUGÖNDER,GIZEMTUĞRAL,1
BURCUGÖNDER,ERSINKORKUT,1
BURCUGÖNDER,EMRECANPOLAT,1
BURCUGÖNDER,AYÇAERTURAN,1
BURCUGÖNDER,AYŞEGÜLAKDEMIR,1
BÜLENTEMRAHPARLAK,GÜLSÜMALKAN,1
BÜLENTEMRAHPARLAK,HAMDIKAHRAMAN,1
BÜLENTEMRAHPARLAK,BÜŞRAPEKIN,1
BÜLENTEMRAHPARLAK,METINKEÇECI,1
BÜLENTEMRAHPARLAK,BURCUGÖNDER,1
BÜLENTEMRAHPARLAK,AYDANTAŞ,1
BÜLENTEMRAHPARLAK,İBRAHIMBÜYÜKAK,1
BÜLENTEMRAHPARLAK,GÜLHANTEKIN,1
BÜLENTEMRAHPARLAK,ESERYENENLER,1
BÜLENTEMRAHPARLAK,GIZEMTUĞRAL,1
BÜLENTEMRAHPARLAK,ERSINKORKUT,1
BÜLENTEMRAHPARLAK,EMRECANPOLAT,1
BÜLENTEMRAHPARLAK,AYÇAERTURAN,1
BÜLENTEMRAHPARLAK,AYŞEGÜLAKDEMIR,1
BÜŞRAPEKIN,GÜLSÜMALKAN,1
BÜŞRAPEKIN,HAMDIKAHRAMAN,1
BÜŞRAPEKIN,BÜLENTEMRAHPARLAK,1
BÜŞRAPEKIN,METINKEÇECI,1
BÜŞRAPEKIN,BURCUGÖNDER,1
BÜŞRAPEKIN,AYDANTAŞ,1
BÜŞRAPEKIN,İBRAHIMBÜYÜKAK,1
BÜŞRAPEKIN,GÜLHANTEKIN,1
BÜŞRAPEKIN,ESERYENENLER,1
BÜŞRAPEKIN,GIZEMTUĞRAL,1
BÜŞRAPEKIN,ERSINKORKUT,1
BÜŞRAPEKIN,EMRECANPOLAT,1
BÜŞRAPEKIN,AYÇAERTURAN,1
BÜŞRAPEKIN,AYŞEGÜLAKDEMIR,1
EMRECANPOLAT,GÜLSÜMALKAN,1
EMRECANPOLAT,HAMDIKAHRAMAN,1
EMRECANPOLAT,BÜŞRAPEKIN,1
EMRECANPOLAT,BÜLENTEMRAHPARLAK,1
EMRECANPOLAT,METINKEÇECI,1
EMRECANPOLAT,BURCUGÖNDER,1
EMRECANPOLAT,AYDANTAŞ,1
EMRECANPOLAT,İBRAHIMBÜYÜKAK,1
EMRECANPOLAT,GÜLHANTEKIN,1
EMRECANPOLAT,ESERYENENLER,1
EMRECANPOLAT,GIZEMTUĞRAL,1
EMRECANPOLAT,ERSINKORKUT,1
EMRECANPOLAT,AYÇAERTURAN,1
EMRECANPOLAT,AYŞEGÜLAKDEMIR,1
ERSINKORKUT,GÜLSÜMALKAN,1
ERSINKORKUT,HAMDIKAHRAMAN,1
ERSINKORKUT,BÜŞRAPEKIN,1
ERSINKORKUT,BÜLENTEMRAHPARLAK,1
ERSINKORKUT,METINKEÇECI,1
ERSINKORKUT,BURCUGÖNDER,1
ERSINKORKUT,AYDANTAŞ,1
ERSINKORKUT,İBRAHIMBÜYÜKAK,1
ERSINKORKUT,GÜLHANTEKIN,1
ERSINKORKUT,ESERYENENLER,1
ERSINKORKUT,GIZEMTUĞRAL,1
ERSINKORKUT,EMRECANPOLAT,1
ERSINKORKUT,AYÇAERTURAN,1
ERSINKORKUT,AYŞEGÜLAKDEMIR,1
ESERYENENLER,GÜLSÜMALKAN,1
ESERYENENLER,HAMDIKAHRAMAN,1
ESERYENENLER,BÜŞRAPEKIN,1
ESERYENENLER,BÜLENTEMRAHPARLAK,1
ESERYENENLER,METINKEÇECI,1
ESERYENENLER,BURCUGÖNDER,1
ESERYENENLER,AYDANTAŞ,1
ESERYENENLER,İBRAHIMBÜYÜKAK,1
ESERYENENLER,GÜLHANTEKIN,1
ESERYENENLER,GIZEMTUĞRAL,1
ESERYENENLER,ERSINKORKUT,1
ESERYENENLER,EMRECANPOLAT,1
ESERYENENLER,AYÇAERTURAN,1
ESERYENENLER,AYŞEGÜLAKDEMIR,1
GIZEMTUĞRAL,GÜLSÜMALKAN,1
GIZEMTUĞRAL,HAMDIKAHRAMAN,1
GIZEMTUĞRAL,BÜŞRAPEKIN,1
GIZEMTUĞRAL,BÜLENTEMRAHPARLAK,1
GIZEMTUĞRAL,METINKEÇECI,1
GIZEMTUĞRAL,BURCUGÖNDER,1
GIZEMTUĞRAL,AYDANTAŞ,1
GIZEMTUĞRAL,İBRAHIMBÜYÜKAK,1
GIZEMTUĞRAL,GÜLHANTEKIN,1
GIZEMTUĞRAL,ESERYENENLER,1
GIZEMTUĞRAL,ERSINKORKUT,1
GIZEMTUĞRAL,EMRECANPOLAT,1
GIZEMTUĞRAL,AYÇAERTURAN,1
GIZEMTUĞRAL,AYŞEGÜLAKDEMIR,1
GÜLHANTEKIN,GÜLSÜMALKAN,1
GÜLHANTEKIN,HAMDIKAHRAMAN,1
GÜLHANTEKIN,BÜŞRAPEKIN,1
GÜLHANTEKIN,BÜLENTEMRAHPARLAK,1
GÜLHANTEKIN,METINKEÇECI,1
GÜLHANTEKIN,BURCUGÖNDER,1
GÜLHANTEKIN,AYDANTAŞ,1
GÜLHANTEKIN,İBRAHIMBÜYÜKAK,1
GÜLHANTEKIN,ESERYENENLER,1
GÜLHANTEKIN,GIZEMTUĞRAL,1
GÜLHANTEKIN,ERSINKORKUT,1
GÜLHANTEKIN,EMRECANPOLAT,1
GÜLHANTEKIN,AYÇAERTURAN,1
GÜLHANTEKIN,AYŞEGÜLAKDEMIR,1
GÜLSÜMALKAN,HAMDIKAHRAMAN,1
GÜLSÜMALKAN,BÜŞRAPEKIN,1
GÜLSÜMALKAN,BÜLENTEMRAHPARLAK,1
GÜLSÜMALKAN,METINKEÇECI,1
GÜLSÜMALKAN,BURCUGÖNDER,1
GÜLSÜMALKAN,AYDANTAŞ,1
GÜLSÜMALKAN,İBRAHIMBÜYÜKAK,1
GÜLSÜMALKAN,GÜLHANTEKIN,1
GÜLSÜMALKAN,ESERYENENLER,1
GÜLSÜMALKAN,GIZEMTUĞRAL,1
GÜLSÜMALKAN,ERSINKORKUT,1
GÜLSÜMALKAN,EMRECANPOLAT,1
GÜLSÜMALKAN,AYÇAERTURAN,1
GÜLSÜMALKAN,AYŞEGÜLAKDEMIR,1
HAMDIKAHRAMAN,GÜLSÜMALKAN,1
HAMDIKAHRAMAN,BÜŞRAPEKIN,1
HAMDIKAHRAMAN,BÜLENTEMRAHPARLAK,1
HAMDIKAHRAMAN,METINKEÇECI,1
HAMDIKAHRAMAN,BURCUGÖNDER,1
HAMDIKAHRAMAN,AYDANTAŞ,1
HAMDIKAHRAMAN,İBRAHIMBÜYÜKAK,1
HAMDIKAHRAMAN,GÜLHANTEKIN,1
HAMDIKAHRAMAN,ESERYENENLER,1
HAMDIKAHRAMAN,GIZEMTUĞRAL,1
HAMDIKAHRAMAN,ERSINKORKUT,1
HAMDIKAHRAMAN,EMRECANPOLAT,1
HAMDIKAHRAMAN,AYÇAERTURAN,1
HAMDIKAHRAMAN,AYŞEGÜLAKDEMIR,1
İBRAHIMBÜYÜKAK,GÜLSÜMALKAN,1
İBRAHIMBÜYÜKAK,HAMDIKAHRAMAN,1
İBRAHIMBÜYÜKAK,BÜŞRAPEKIN,1
İBRAHIMBÜYÜKAK,BÜLENTEMRAHPARLAK,1
İBRAHIMBÜYÜKAK,METINKEÇECI,1
İBRAHIMBÜYÜKAK,BURCUGÖNDER,1
İBRAHIMBÜYÜKAK,AYDANTAŞ,1
İBRAHIMBÜYÜKAK,GÜLHANTEKIN,1
İBRAHIMBÜYÜKAK,ESERYENENLER,1
İBRAHIMBÜYÜKAK,GIZEMTUĞRAL,1
İBRAHIMBÜYÜKAK,ERSINKORKUT,1
İBRAHIMBÜYÜKAK,EMRECANPOLAT,1
İBRAHIMBÜYÜKAK,AYÇAERTURAN,1
İBRAHIMBÜYÜKAK,AYŞEGÜLAKDEMIR,1
METINKEÇECI,GÜLSÜMALKAN,1
METINKEÇECI,HAMDIKAHRAMAN,1
METINKEÇECI,BÜŞRAPEKIN,1
METINKEÇECI,BÜLENTEMRAHPARLAK,1
METINKEÇECI,BURCUGÖNDER,1
METINKEÇECI,AYDANTAŞ,1
METINKEÇECI,İBRAHIMBÜYÜKAK,1
METINKEÇECI,GÜLHANTEKIN,1
METINKEÇECI,ESERYENENLER,1
METINKEÇECI,GIZEMTUĞRAL,1
METINKEÇECI,ERSINKORKUT,1
METINKEÇECI,EMRECANPOLAT,1
METINKEÇECI,AYÇAERTURAN,1
METINKEÇECI,AYŞEGÜLAKDEMIR,1
BEVERLYOSU,WOFAISAMUEL,1
BEVERLYOSU,OMONIOBOLI,1
BEVERLYOSU,OMOWUNMIDADA,1
BEVERLYOSU,SEGUNARINZE,1
BEVERLYOSU,KEMILALAAKINDOJU,1
BEVERLYOSU,GREGORYOJEFUA,1
BEVERLYOSU,ADEBUKOLAOLADIPUPO,1
BEVERLYOSU,SHARONOOJA,1
BEVERLYOSU,PATRICKDOYLE,1
BEVERLYOSU,SAMBASANZERIBE,1
BEVERLYOSU,PEARLOKORIE,1
BEVERLYOSU,IKECHUKWUONUNAKU,1
BEVERLYOSU,BLOSSOMCHUKWUJEKWU,1
BEVERLYOSU,ADAAMEH,1
SHARONOOJA,WOFAISAMUEL,1
SHARONOOJA,OMONIOBOLI,1
SHARONOOJA,OMOWUNMIDADA,1
SHARONOOJA,SEGUNARINZE,1
SHARONOOJA,KEMILALAAKINDOJU,1
SHARONOOJA,GREGORYOJEFUA,1
SHARONOOJA,ADEBUKOLAOLADIPUPO,1
SHARONOOJA,PATRICKDOYLE,1
SHARONOOJA,SAMBASANZERIBE,1
SHARONOOJA,BEVERLYOSU,1
SHARONOOJA,PEARLOKORIE,1
SHARONOOJA,IKECHUKWUONUNAKU,1
SHARONOOJA,BLOSSOMCHUKWUJEKWU,1
SHARONOOJA,ADAAMEH,1
OMOWUNMIDADA,WOFAISAMUEL,1
OMOWUNMIDADA,OMONIOBOLI,1
OMOWUNMIDADA,SEGUNARINZE,1
OMOWUNMIDADA,KEMILALAAKINDOJU,1
OMOWUNMIDADA,GREGORYOJEFUA,1
OMOWUNMIDADA,ADEBUKOLAOLADIPUPO,1
OMOWUNMIDADA,SHARONOOJA,1
OMOWUNMIDADA,PATRICKDOYLE,1
OMOWUNMIDADA,SAMBASANZERIBE,1
OMOWUNMIDADA,BEVERLYOSU,1
OMOWUNMIDADA,PEARLOKORIE,1
OMOWUNMIDADA,IKECHUKWUONUNAKU,1
OMOWUNMIDADA,BLOSSOMCHUKWUJEKWU,1
OMOWUNMIDADA,ADAAMEH,1
PEARLOKORIE,WOFAISAMUEL,1
PEARLOKORIE,OMONIOBOLI,1
PEARLOKORIE,OMOWUNMIDADA,1
PEARLOKORIE,SEGUNARINZE,1
PEARLOKORIE,KEMILALAAKINDOJU,1
PEARLOKORIE,GREGORYOJEFUA,1
PEARLOKORIE,ADEBUKOLAOLADIPUPO,1
PEARLOKORIE,SHARONOOJA,1
PEARLOKORIE,PATRICKDOYLE,1
PEARLOKORIE,SAMBASANZERIBE,1
PEARLOKORIE,BEVERLYOSU,1
PEARLOKORIE,IKECHUKWUONUNAKU,1
PEARLOKORIE,BLOSSOMCHUKWUJEKWU,1
PEARLOKORIE,ADAAMEH,1
WOFAISAMUEL,OMONIOBOLI,1
WOFAISAMUEL,OMOWUNMIDADA,1
WOFAISAMUEL,SEGUNARINZE,1
WOFAISAMUEL,KEMILALAAKINDOJU,1
WOFAISAMUEL,GREGORYOJEFUA,1
WOFAISAMUEL,ADEBUKOLAOLADIPUPO,1
WOFAISAMUEL,SHARONOOJA,1
WOFAISAMUEL,PATRICKDOYLE,1
WOFAISAMUEL,SAMBASANZERIBE,1
WOFAISAMUEL,BEVERLYOSU,1
WOFAISAMUEL,PEARLOKORIE,1
WOFAISAMUEL,IKECHUKWUONUNAKU,1
WOFAISAMUEL,BLOSSOMCHUKWUJEKWU,1
WOFAISAMUEL,ADAAMEH,1
IKECHUKWUONUNAKU,WOFAISAMUEL,1
IKECHUKWUONUNAKU,OMONIOBOLI,1
IKECHUKWUONUNAKU,OMOWUNMIDADA,1
IKECHUKWUONUNAKU,SEGUNARINZE,1
IKECHUKWUONUNAKU,KEMILALAAKINDOJU,1
IKECHUKWUONUNAKU,GREGORYOJEFUA,1
IKECHUKWUONUNAKU,ADEBUKOLAOLADIPUPO,1
IKECHUKWUONUNAKU,SHARONOOJA,1
IKECHUKWUONUNAKU,PATRICKDOYLE,1
IKECHUKWUONUNAKU,SAMBASANZERIBE,1
IKECHUKWUONUNAKU,BEVERLYOSU,1
IKECHUKWUONUNAKU,PEARLOKORIE,1
IKECHUKWUONUNAKU,BLOSSOMCHUKWUJEKWU,1
IKECHUKWUONUNAKU,ADAAMEH,1
KEMILALAAKINDOJU,WOFAISAMUEL,1
KEMILALAAKINDOJU,OMONIOBOLI,1
KEMILALAAKINDOJU,OMOWUNMIDADA,1
KEMILALAAKINDOJU,SEGUNARINZE,1
KEMILALAAKINDOJU,GREGORYOJEFUA,1
KEMILALAAKINDOJU,ADEBUKOLAOLADIPUPO,1
KEMILALAAKINDOJU,SHARONOOJA,1
KEMILALAAKINDOJU,PATRICKDOYLE,1
KEMILALAAKINDOJU,SAMBASANZERIBE,1
KEMILALAAKINDOJU,BEVERLYOSU,1
KEMILALAAKINDOJU,PEARLOKORIE,1
KEMILALAAKINDOJU,IKECHUKWUONUNAKU,1
KEMILALAAKINDOJU,BLOSSOMCHUKWUJEKWU,1
KEMILALAAKINDOJU,ADAAMEH,1
BLOSSOMCHUKWUJEKWU,WOFAISAMUEL,1
BLOSSOMCHUKWUJEKWU,OMONIOBOLI,1
BLOSSOMCHUKWUJEKWU,OMOWUNMIDADA,1
BLOSSOMCHUKWUJEKWU,SEGUNARINZE,1
BLOSSOMCHUKWUJEKWU,KEMILALAAKINDOJU,1
BLOSSOMCHUKWUJEKWU,GREGORYOJEFUA,1
BLOSSOMCHUKWUJEKWU,ADEBUKOLAOLADIPUPO,1
BLOSSOMCHUKWUJEKWU,SHARONOOJA,1
BLOSSOMCHUKWUJEKWU,PATRICKDOYLE,1
BLOSSOMCHUKWUJEKWU,SAMBASANZERIBE,1
BLOSSOMCHUKWUJEKWU,BEVERLYOSU,1
BLOSSOMCHUKWUJEKWU,PEARLOKORIE,1
BLOSSOMCHUKWUJEKWU,IKECHUKWUONUNAKU,1
BLOSSOMCHUKWUJEKWU,ADAAMEH,1
ADEBUKOLAOLADIPUPO,WOFAISAMUEL,1
ADEBUKOLAOLADIPUPO,OMONIOBOLI,1
ADEBUKOLAOLADIPUPO,OMOWUNMIDADA,1
ADEBUKOLAOLADIPUPO,SEGUNARINZE,1
ADEBUKOLAOLADIPUPO,KEMILALAAKINDOJU,1
ADEBUKOLAOLADIPUPO,GREGORYOJEFUA,1
ADEBUKOLAOLADIPUPO,SHARONOOJA,1
ADEBUKOLAOLADIPUPO,PATRICKDOYLE,1
ADEBUKOLAOLADIPUPO,SAMBASANZERIBE,1
ADEBUKOLAOLADIPUPO,BEVERLYOSU,1
ADEBUKOLAOLADIPUPO,PEARLOKORIE,1
ADEBUKOLAOLADIPUPO,IKECHUKWUONUNAKU,1
ADEBUKOLAOLADIPUPO,BLOSSOMCHUKWUJEKWU,1
ADEBUKOLAOLADIPUPO,ADAAMEH,1
OMONIOBOLI,WOFAISAMUEL,1
OMONIOBOLI,OMOWUNMIDADA,1
OMONIOBOLI,SEGUNARINZE,1
OMONIOBOLI,KEMILALAAKINDOJU,1
OMONIOBOLI,GREGORYOJEFUA,1
OMONIOBOLI,ADEBUKOLAOLADIPUPO,1
OMONIOBOLI,SHARONOOJA,1
OMONIOBOLI,PATRICKDOYLE,1
OMONIOBOLI,SAMBASANZERIBE,1
OMONIOBOLI,BEVERLYOSU,1
OMONIOBOLI,PEARLOKORIE,1
OMONIOBOLI,IKECHUKWUONUNAKU,1
OMONIOBOLI,BLOSSOMCHUKWUJEKWU,1
OMONIOBOLI,ADAAMEH,1
SEGUNARINZE,WOFAISAMUEL,1
SEGUNARINZE,OMONIOBOLI,1
SEGUNARINZE,OMOWUNMIDADA,1
SEGUNARINZE,KEMILALAAKINDOJU,1
SEGUNARINZE,GREGORYOJEFUA,1
SEGUNARINZE,ADEBUKOLAOLADIPUPO,1
SEGUNARINZE,SHARONOOJA,1
SEGUNARINZE,PATRICKDOYLE,1
SEGUNARINZE,SAMBASANZERIBE,1
SEGUNARINZE,BEVERLYOSU,1
SEGUNARINZE,PEARLOKORIE,1
SEGUNARINZE,IKECHUKWUONUNAKU,1
SEGUNARINZE,BLOSSOMCHUKWUJEKWU,1
SEGUNARINZE,ADAAMEH,1
ADAAMEH,WOFAISAMUEL,1
ADAAMEH,OMONIOBOLI,1
ADAAMEH,OMOWUNMIDADA,1
ADAAMEH,SEGUNARINZE,1
ADAAMEH,KEMILALAAKINDOJU,1
ADAAMEH,GREGORYOJEFUA,1
ADAAMEH,ADEBUKOLAOLADIPUPO,1
ADAAMEH,SHARONOOJA,1
ADAAMEH,PATRICKDOYLE,1
ADAAMEH,SAMBASANZERIBE,1
ADAAMEH,BEVERLYOSU,1
ADAAMEH,PEARLOKORIE,1
ADAAMEH,IKECHUKWUONUNAKU,1
ADAAMEH,BLOSSOMCHUKWUJEKWU,1
SAMBASANZERIBE,WOFAISAMUEL,1
SAMBASANZERIBE,OMONIOBOLI,1
SAMBASANZERIBE,OMOWUNMIDADA,1
SAMBASANZERIBE,SEGUNARINZE,1
SAMBASANZERIBE,KEMILALAAKINDOJU,1
SAMBASANZERIBE,GREGORYOJEFUA,1
SAMBASANZERIBE,ADEBUKOLAOLADIPUPO,1
SAMBASANZERIBE,SHARONOOJA,1
SAMBASANZERIBE,PATRICKDOYLE,1
SAMBASANZERIBE,BEVERLYOSU,1
SAMBASANZERIBE,PEARLOKORIE,1
SAMBASANZERIBE,IKECHUKWUONUNAKU,1
SAMBASANZERIBE,BLOSSOMCHUKWUJEKWU,1
SAMBASANZERIBE,ADAAMEH,1
PATRICKDOYLE,WOFAISAMUEL,1
PATRICKDOYLE,OMONIOBOLI,1
PATRICKDOYLE,OMOWUNMIDADA,1
PATRICKDOYLE,SEGUNARINZE,1
PATRICKDOYLE,KEMILALAAKINDOJU,1
PATRICKDOYLE,GREGORYOJEFUA,1
PATRICKDOYLE,ADEBUKOLAOLADIPUPO,1
PATRICKDOYLE,SHARONOOJA,1
PATRICKDOYLE,SAMBASANZERIBE,1
PATRICKDOYLE,BEVERLYOSU,1
PATRICKDOYLE,PEARLOKORIE,1
PATRICKDOYLE,IKECHUKWUONUNAKU,1
PATRICKDOYLE,BLOSSOMCHUKWUJEKWU,1
PATRICKDOYLE,ADAAMEH,1
GREGORYOJEFUA,WOFAISAMUEL,1
GREGORYOJEFUA,OMONIOBOLI,1
GREGORYOJEFUA,OMOWUNMIDADA,1
GREGORYOJEFUA,SEGUNARINZE,1
GREGORYOJEFUA,KEMILALAAKINDOJU,1
GREGORYOJEFUA,ADEBUKOLAOLADIPUPO,1
GREGORYOJEFUA,SHARONOOJA,1
GREGORYOJEFUA,PATRICKDOYLE,1
GREGORYOJEFUA,SAMBASANZERIBE,1
GREGORYOJEFUA,BEVERLYOSU,1
GREGORYOJEFUA,PEARLOKORIE,1
GREGORYOJEFUA,IKECHUKWUONUNAKU,1
GREGORYOJEFUA,BLOSSOMCHUKWUJEKWU,1
GREGORYOJEFUA,ADAAMEH,1
CHARLIZETHERON,JONNYLEEMILLER,1
CHARLIZETHERON,YANGZOMBRAUEN,1
CHARLIZETHERON,CAROLINECHIKEZIE,1
CHARLIZETHERON,FRANCESMCDORMAND,1
CHARLIZETHERON,PETEPOSTLETHWAITE,1
CHARLIZETHERON,NIKOLAIKINSKI,1
CHARLIZETHERON,AMELIAWARNER,1
CHARLIZETHERON,PATERSONJOSEPH,1
CHARLIZETHERON,MARTONCSOKAS,1
CHARLIZETHERON,SOPHIEOKONEDO,1
MARTONCSOKAS,JONNYLEEMILLER,1
MARTONCSOKAS,YANGZOMBRAUEN,1
MARTONCSOKAS,CHARLIZETHERON,1
MARTONCSOKAS,CAROLINECHIKEZIE,1
MARTONCSOKAS,FRANCESMCDORMAND,1
MARTONCSOKAS,PETEPOSTLETHWAITE,1
MARTONCSOKAS,NIKOLAIKINSKI,1
MARTONCSOKAS,AMELIAWARNER,1
MARTONCSOKAS,PATERSONJOSEPH,1
MARTONCSOKAS,SOPHIEOKONEDO,1
JONNYLEEMILLER,YANGZOMBRAUEN,1
JONNYLEEMILLER,CHARLIZETHERON,1
JONNYLEEMILLER,CAROLINECHIKEZIE,1
JONNYLEEMILLER,FRANCESMCDORMAND,1
JONNYLEEMILLER,PETEPOSTLETHWAITE,1
JONNYLEEMILLER,NIKOLAIKINSKI,1
JONNYLEEMILLER,AMELIAWARNER,1
JONNYLEEMILLER,PATERSONJOSEPH,1
JONNYLEEMILLER,MARTONCSOKAS,1
JONNYLEEMILLER,SOPHIEOKONEDO,1
SOPHIEOKONEDO,JONNYLEEMILLER,1
SOPHIEOKONEDO,YANGZOMBRAUEN,1
SOPHIEOKONEDO,CHARLIZETHERON,1
SOPHIEOKONEDO,CAROLINECHIKEZIE,1
SOPHIEOKONEDO,FRANCESMCDORMAND,1
SOPHIEOKONEDO,PETEPOSTLETHWAITE,1
SOPHIEOKONEDO,NIKOLAIKINSKI,1
SOPHIEOKONEDO,AMELIAWARNER,1
SOPHIEOKONEDO,PATERSONJOSEPH,1
SOPHIEOKONEDO,MARTONCSOKAS,1
FRANCESMCDORMAND,JONNYLEEMILLER,1
FRANCESMCDORMAND,YANGZOMBRAUEN,1
FRANCESMCDORMAND,CHARLIZETHERON,1
FRANCESMCDORMAND,CAROLINECHIKEZIE,1
FRANCESMCDORMAND,PETEPOSTLETHWAITE,1
FRANCESMCDORMAND,NIKOLAIKINSKI,1
FRANCESMCDORMAND,AMELIAWARNER,1
FRANCESMCDORMAND,PATERSONJOSEPH,1
FRANCESMCDORMAND,MARTONCSOKAS,1
FRANCESMCDORMAND,SOPHIEOKONEDO,1
PETEPOSTLETHWAITE,JONNYLEEMILLER,1
PETEPOSTLETHWAITE,YANGZOMBRAUEN,1
PETEPOSTLETHWAITE,CHARLIZETHERON,1
PETEPOSTLETHWAITE,CAROLINECHIKEZIE,1
PETEPOSTLETHWAITE,FRANCESMCDORMAND,1
PETEPOSTLETHWAITE,NIKOLAIKINSKI,1
PETEPOSTLETHWAITE,AMELIAWARNER,1
PETEPOSTLETHWAITE,PATERSONJOSEPH,1
PETEPOSTLETHWAITE,MARTONCSOKAS,1
PETEPOSTLETHWAITE,SOPHIEOKONEDO,1
AMELIAWARNER,JONNYLEEMILLER,1
AMELIAWARNER,YANGZOMBRAUEN,1
AMELIAWARNER,CHARLIZETHERON,1
AMELIAWARNER,CAROLINECHIKEZIE,1
AMELIAWARNER,FRANCESMCDORMAND,1
AMELIAWARNER,PETEPOSTLETHWAITE,1
AMELIAWARNER,NIKOLAIKINSKI,1
AMELIAWARNER,PATERSONJOSEPH,1
AMELIAWARNER,MARTONCSOKAS,1
AMELIAWARNER,SOPHIEOKONEDO,1
CAROLINECHIKEZIE,JONNYLEEMILLER,1
CAROLINECHIKEZIE,YANGZOMBRAUEN,1
CAROLINECHIKEZIE,CHARLIZETHERON,1
CAROLINECHIKEZIE,FRANCESMCDORMAND,1
CAROLINECHIKEZIE,PETEPOSTLETHWAITE,1
CAROLINECHIKEZIE,NIKOLAIKINSKI,1
CAROLINECHIKEZIE,AMELIAWARNER,1
CAROLINECHIKEZIE,PATERSONJOSEPH,1
CAROLINECHIKEZIE,MARTONCSOKAS,1
CAROLINECHIKEZIE,SOPHIEOKONEDO,1
NIKOLAIKINSKI,JONNYLEEMILLER,1
NIKOLAIKINSKI,YANGZOMBRAUEN,1
NIKOLAIKINSKI,CHARLIZETHERON,1
NIKOLAIKINSKI,CAROLINECHIKEZIE,1
NIKOLAIKINSKI,FRANCESMCDORMAND,1
NIKOLAIKINSKI,PETEPOSTLETHWAITE,1
NIKOLAIKINSKI,AMELIAWARNER,1
NIKOLAIKINSKI,PATERSONJOSEPH,1
NIKOLAIKINSKI,MARTONCSOKAS,1
NIKOLAIKINSKI,SOPHIEOKONEDO,1
PATERSONJOSEPH,JONNYLEEMILLER,1
PATERSONJOSEPH,YANGZOMBRAUEN,1
PATERSONJOSEPH,CHARLIZETHERON,1
PATERSONJOSEPH,CAROLINECHIKEZIE,1
PATERSONJOSEPH,FRANCESMCDORMAND,1
PATERSONJOSEPH,PETEPOSTLETHWAITE,1
PATERSONJOSEPH,NIKOLAIKINSKI,1
PATERSONJOSEPH,AMELIAWARNER,1
PATERSONJOSEPH,MARTONCSOKAS,1
PATERSONJOSEPH,SOPHIEOKONEDO,1
YANGZOMBRAUEN,JONNYLEEMILLER,1
YANGZOMBRAUEN,CHARLIZETHERON,1
YANGZOMBRAUEN,CAROLINECHIKEZIE,1
YANGZOMBRAUEN,FRANCESMCDORMAND,1
YANGZOMBRAUEN,PETEPOSTLETHWAITE,1
YANGZOMBRAUEN,NIKOLAIKINSKI,1
YANGZOMBRAUEN,AMELIAWARNER,1
YANGZOMBRAUEN,PATERSONJOSEPH,1
YANGZOMBRAUEN,MARTONCSOKAS,1
YANGZOMBRAUEN,SOPHIEOKONEDO,1
LEXIGIOVAGNOLI,ADAMPOWELL,1
LEXIGIOVAGNOLI,KALILAHHARRIS,1
LEXIGIOVAGNOLI,JUSTINRAY,1
LEXIGIOVAGNOLI,POONAMBASU,1
LEXIGIOVAGNOLI,ALEXIADOX,1
LEXIGIOVAGNOLI,SEANMCBRIDE,1
LEXIGIOVAGNOLI,RAELATT,1
LEXIGIOVAGNOLI,TERESABITER,1
JUSTINRAY,LEXIGIOVAGNOLI,1
JUSTINRAY,ADAMPOWELL,1
JUSTINRAY,KALILAHHARRIS,1
JUSTINRAY,POONAMBASU,1
JUSTINRAY,ALEXIADOX,1
JUSTINRAY,SEANMCBRIDE,1
JUSTINRAY,RAELATT,1
JUSTINRAY,TERESABITER,1
RAELATT,LEXIGIOVAGNOLI,1
RAELATT,ADAMPOWELL,1
RAELATT,KALILAHHARRIS,1
RAELATT,JUSTINRAY,1
RAELATT,POONAMBASU,1
RAELATT,ALEXIADOX,1
RAELATT,SEANMCBRIDE,1
RAELATT,TERESABITER,1
POONAMBASU,LEXIGIOVAGNOLI,1
POONAMBASU,ADAMPOWELL,1
POONAMBASU,KALILAHHARRIS,1
POONAMBASU,JUSTINRAY,1
POONAMBASU,ALEXIADOX,1
POONAMBASU,SEANMCBRIDE,1
POONAMBASU,RAELATT,1
POONAMBASU,TERESABITER,1
TERESABITER,LEXIGIOVAGNOLI,1
TERESABITER,ADAMPOWELL,1
TERESABITER,KALILAHHARRIS,1
TERESABITER,JUSTINRAY,1
TERESABITER,POONAMBASU,1
TERESABITER,ALEXIADOX,1
TERESABITER,SEANMCBRIDE,1
TERESABITER,RAELATT,1
KALILAHHARRIS,LEXIGIOVAGNOLI,1
KALILAHHARRIS,ADAMPOWELL,1
KALILAHHARRIS,JUSTINRAY,1
KALILAHHARRIS,POONAMBASU,1
KALILAHHARRIS,ALEXIADOX,1
KALILAHHARRIS,SEANMCBRIDE,1
KALILAHHARRIS,RAELATT,1
KALILAHHARRIS,TERESABITER,1
ALEXIADOX,LEXIGIOVAGNOLI,1
ALEXIADOX,ADAMPOWELL,1
ALEXIADOX,KALILAHHARRIS,1
ALEXIADOX,JUSTINRAY,1
ALEXIADOX,POONAMBASU,1
ALEXIADOX,SEANMCBRIDE,1
ALEXIADOX,RAELATT,1
ALEXIADOX,TERESABITER,1
ADAMPOWELL,LEXIGIOVAGNOLI,1
ADAMPOWELL,KALILAHHARRIS,1
ADAMPOWELL,JUSTINRAY,1
ADAMPOWELL,POONAMBASU,1
ADAMPOWELL,ALEXIADOX,1
ADAMPOWELL,SEANMCBRIDE,1
ADAMPOWELL,RAELATT,1
ADAMPOWELL,TERESABITER,1
SEANMCBRIDE,LEXIGIOVAGNOLI,1
SEANMCBRIDE,ADAMPOWELL,1
SEANMCBRIDE,KALILAHHARRIS,1
SEANMCBRIDE,JUSTINRAY,1
SEANMCBRIDE,POONAMBASU,1
SEANMCBRIDE,ALEXIADOX,1
SEANMCBRIDE,RAELATT,1
SEANMCBRIDE,TERESABITER,1
BILLYCRUDUP,LIANALIBERATO,1
BILLYCRUDUP,TIMROTH,1
BILLYCRUDUP,MELANIELYNSKEY,1
BILLYCRUDUP,GRAHAMROGERS,1
BILLYCRUDUP,STEFANIESCOTT,1
BILLYCRUDUP,THOMASCOCQUEREL,1
BILLYCRUDUP,PETERCOYOTE,1
GRAHAMROGERS,LIANALIBERATO,1
GRAHAMROGERS,TIMROTH,1
GRAHAMROGERS,MELANIELYNSKEY,1
GRAHAMROGERS,STEFANIESCOTT,1
GRAHAMROGERS,BILLYCRUDUP,1
GRAHAMROGERS,THOMASCOCQUEREL,1
GRAHAMROGERS,PETERCOYOTE,1
LIANALIBERATO,TIMROTH,1
LIANALIBERATO,MELANIELYNSKEY,1
LIANALIBERATO,GRAHAMROGERS,1
LIANALIBERATO,STEFANIESCOTT,1
LIANALIBERATO,BILLYCRUDUP,1
LIANALIBERATO,THOMASCOCQUEREL,1
LIANALIBERATO,PETERCOYOTE,1
STEFANIESCOTT,LIANALIBERATO,1
STEFANIESCOTT,TIMROTH,1
STEFANIESCOTT,MELANIELYNSKEY,1
STEFANIESCOTT,GRAHAMROGERS,1
STEFANIESCOTT,BILLYCRUDUP,1
STEFANIESCOTT,THOMASCOCQUEREL,1
STEFANIESCOTT,PETERCOYOTE,1
TIMROTH,LIANALIBERATO,1
TIMROTH,MELANIELYNSKEY,1
TIMROTH,GRAHAMROGERS,1
TIMROTH,STEFANIESCOTT,1
TIMROTH,BILLYCRUDUP,1
TIMROTH,THOMASCOCQUEREL,1
TIMROTH,PETERCOYOTE,1
MELANIELYNSKEY,LIANALIBERATO,1
MELANIELYNSKEY,TIMROTH,1
MELANIELYNSKEY,GRAHAMROGERS,1
MELANIELYNSKEY,STEFANIESCOTT,1
MELANIELYNSKEY,BILLYCRUDUP,1
MELANIELYNSKEY,THOMASCOCQUEREL,1
MELANIELYNSKEY,PETERCOYOTE,1
THOMASCOCQUEREL,LIANALIBERATO,1
THOMASCOCQUEREL,TIMROTH,1
THOMASCOCQUEREL,MELANIELYNSKEY,1
THOMASCOCQUEREL,GRAHAMROGERS,1
THOMASCOCQUEREL,STEFANIESCOTT,1
THOMASCOCQUEREL,BILLYCRUDUP,1
THOMASCOCQUEREL,PETERCOYOTE,1
PETERCOYOTE,LIANALIBERATO,1
PETERCOYOTE,TIMROTH,1
PETERCOYOTE,MELANIELYNSKEY,1
PETERCOYOTE,GRAHAMROGERS,1
PETERCOYOTE,STEFANIESCOTT,1
PETERCOYOTE,BILLYCRUDUP,1
PETERCOYOTE,THOMASCOCQUEREL,1
LAURAASHLEYSAMUELS,ALEXANDRADADDARIO,1
LAURAASHLEYSAMUELS,JENNAUSHKOWITZ,1
JENNAUSHKOWITZ,ALEXANDRADADDARIO,1
JENNAUSHKOWITZ,LAURAASHLEYSAMUELS,1
ALEXANDRADADDARIO,JENNAUSHKOWITZ,1
ALEXANDRADADDARIO,LAURAASHLEYSAMUELS,1
SHANLEYCASWELL,REBECCAVINARGO,1
SHANLEYCASWELL,AFTONJILLIAN,1
SHANLEYCASWELL,BOYOUNGBLOOD,1
SHANLEYCASWELL,JOHNLERARDI,1
SHANLEYCASWELL,JERMAINEALVEREZMARTIN,1
SHANLEYCASWELL,ROMEFLYNN,1
SHANLEYCASWELL,JEFFDYE,1
SHANLEYCASWELL,BROOKELEWIS,1
SHANLEYCASWELL,DREWMCANANY,1
SHANLEYCASWELL,AMYPAFFRATH,1
SHANLEYCASWELL,MARCGORDON,1
SHANLEYCASWELL,ALEXISIACONO,1
SHANLEYCASWELL,MATTSCHULTE,1
SHANLEYCASWELL,ASHLEYPLATZ,1
JEFFDYE,REBECCAVINARGO,1
JEFFDYE,AFTONJILLIAN,1
JEFFDYE,BOYOUNGBLOOD,1
JEFFDYE,SHANLEYCASWELL,1
JEFFDYE,JOHNLERARDI,1
JEFFDYE,JERMAINEALVEREZMARTIN,1
JEFFDYE,ROMEFLYNN,1
JEFFDYE,BROOKELEWIS,1
JEFFDYE,DREWMCANANY,1
JEFFDYE,AMYPAFFRATH,1
JEFFDYE,MARCGORDON,1
JEFFDYE,ALEXISIACONO,1
JEFFDYE,MATTSCHULTE,1
JEFFDYE,ASHLEYPLATZ,1
ROMEFLYNN,REBECCAVINARGO,1
ROMEFLYNN,AFTONJILLIAN,1
ROMEFLYNN,BOYOUNGBLOOD,1
ROMEFLYNN,SHANLEYCASWELL,1
ROMEFLYNN,JOHNLERARDI,1
ROMEFLYNN,JERMAINEALVEREZMARTIN,1
ROMEFLYNN,JEFFDYE,1
ROMEFLYNN,BROOKELEWIS,1
ROMEFLYNN,DREWMCANANY,1
ROMEFLYNN,AMYPAFFRATH,1
ROMEFLYNN,MARCGORDON,1
ROMEFLYNN,ALEXISIACONO,1
ROMEFLYNN,MATTSCHULTE,1
ROMEFLYNN,ASHLEYPLATZ,1
MARCGORDON,REBECCAVINARGO,1
MARCGORDON,AFTONJILLIAN,1
MARCGORDON,BOYOUNGBLOOD,1
MARCGORDON,SHANLEYCASWELL,1
MARCGORDON,JOHNLERARDI,1
MARCGORDON,JERMAINEALVEREZMARTIN,1
MARCGORDON,ROMEFLYNN,1
MARCGORDON,JEFFDYE,1
MARCGORDON,BROOKELEWIS,1
MARCGORDON,DREWMCANANY,1
MARCGORDON,AMYPAFFRATH,1
MARCGORDON,ALEXISIACONO,1
MARCGORDON,MATTSCHULTE,1
MARCGORDON,ASHLEYPLATZ,1
ALEXISIACONO,REBECCAVINARGO,1
ALEXISIACONO,AFTONJILLIAN,1
ALEXISIACONO,BOYOUNGBLOOD,1
ALEXISIACONO,SHANLEYCASWELL,1
ALEXISIACONO,JOHNLERARDI,1
ALEXISIACONO,JERMAINEALVEREZMARTIN,1
ALEXISIACONO,ROMEFLYNN,1
ALEXISIACONO,JEFFDYE,1
ALEXISIACONO,BROOKELEWIS,1
ALEXISIACONO,DREWMCANANY,1
ALEXISIACONO,AMYPAFFRATH,1
ALEXISIACONO,MARCGORDON,1
ALEXISIACONO,MATTSCHULTE,1
ALEXISIACONO,ASHLEYPLATZ,1
JOHNLERARDI,REBECCAVINARGO,1
JOHNLERARDI,AFTONJILLIAN,1
JOHNLERARDI,BOYOUNGBLOOD,1
JOHNLERARDI,SHANLEYCASWELL,1
JOHNLERARDI,JERMAINEALVEREZMARTIN,1
JOHNLERARDI,ROMEFLYNN,1
JOHNLERARDI,JEFFDYE,1
JOHNLERARDI,BROOKELEWIS,1
JOHNLERARDI,DREWMCANANY,1
JOHNLERARDI,AMYPAFFRATH,1
JOHNLERARDI,MARCGORDON,1
JOHNLERARDI,ALEXISIACONO,1
JOHNLERARDI,MATTSCHULTE,1
JOHNLERARDI,ASHLEYPLATZ,1
AFTONJILLIAN,REBECCAVINARGO,1
AFTONJILLIAN,BOYOUNGBLOOD,1
AFTONJILLIAN,SHANLEYCASWELL,1
AFTONJILLIAN,JOHNLERARDI,1
AFTONJILLIAN,JERMAINEALVEREZMARTIN,1
AFTONJILLIAN,ROMEFLYNN,1
AFTONJILLIAN,JEFFDYE,1
AFTONJILLIAN,BROOKELEWIS,1
AFTONJILLIAN,DREWMCANANY,1
AFTONJILLIAN,AMYPAFFRATH,1
AFTONJILLIAN,MARCGORDON,1
AFTONJILLIAN,ALEXISIACONO,1
AFTONJILLIAN,MATTSCHULTE,1
AFTONJILLIAN,ASHLEYPLATZ,1
BROOKELEWIS,REBECCAVINARGO,1
BROOKELEWIS,AFTONJILLIAN,1
BROOKELEWIS,BOYOUNGBLOOD,1
BROOKELEWIS,SHANLEYCASWELL,1
BROOKELEWIS,JOHNLERARDI,1
BROOKELEWIS,JERMAINEALVEREZMARTIN,1
BROOKELEWIS,ROMEFLYNN,1
BROOKELEWIS,JEFFDYE,1
BROOKELEWIS,DREWMCANANY,1
BROOKELEWIS,AMYPAFFRATH,1
BROOKELEWIS,MARCGORDON,1
BROOKELEWIS,ALEXISIACONO,1
BROOKELEWIS,MATTSCHULTE,1
BROOKELEWIS,ASHLEYPLATZ,1
JERMAINEALVEREZMARTIN,REBECCAVINARGO,1
JERMAINEALVEREZMARTIN,AFTONJILLIAN,1
JERMAINEALVEREZMARTIN,BOYOUNGBLOOD,1
JERMAINEALVEREZMARTIN,SHANLEYCASWELL,1
JERMAINEALVEREZMARTIN,JOHNLERARDI,1
JERMAINEALVEREZMARTIN,ROMEFLYNN,1
JERMAINEALVEREZMARTIN,JEFFDYE,1
JERMAINEALVEREZMARTIN,BROOKELEWIS,1
JERMAINEALVEREZMARTIN,DREWMCANANY,1
JERMAINEALVEREZMARTIN,AMYPAFFRATH,1
JERMAINEALVEREZMARTIN,MARCGORDON,1
JERMAINEALVEREZMARTIN,ALEXISIACONO,1
JERMAINEALVEREZMARTIN,MATTSCHULTE,1
JERMAINEALVEREZMARTIN,ASHLEYPLATZ,1
DREWMCANANY,REBECCAVINARGO,1
DREWMCANANY,AFTONJILLIAN,1
DREWMCANANY,BOYOUNGBLOOD,1
DREWMCANANY,SHANLEYCASWELL,1
DREWMCANANY,JOHNLERARDI,1
DREWMCANANY,JERMAINEALVEREZMARTIN,1
DREWMCANANY,ROMEFLYNN,1
DREWMCANANY,JEFFDYE,1
DREWMCANANY,BROOKELEWIS,1
DREWMCANANY,AMYPAFFRATH,1
DREWMCANANY,MARCGORDON,1
DREWMCANANY,ALEXISIACONO,1
DREWMCANANY,MATTSCHULTE,1
DREWMCANANY,ASHLEYPLATZ,1
AMYPAFFRATH,REBECCAVINARGO,1
AMYPAFFRATH,AFTONJILLIAN,1
AMYPAFFRATH,BOYOUNGBLOOD,1
AMYPAFFRATH,SHANLEYCASWELL,1
AMYPAFFRATH,JOHNLERARDI,1
AMYPAFFRATH,JERMAINEALVEREZMARTIN,1
AMYPAFFRATH,ROMEFLYNN,1
AMYPAFFRATH,JEFFDYE,1
AMYPAFFRATH,BROOKELEWIS,1
AMYPAFFRATH,DREWMCANANY,1
AMYPAFFRATH,MARCGORDON,1
AMYPAFFRATH,ALEXISIACONO,1
AMYPAFFRATH,MATTSCHULTE,1
AMYPAFFRATH,ASHLEYPLATZ,1
ASHLEYPLATZ,REBECCAVINARGO,1
ASHLEYPLATZ,AFTONJILLIAN,1
ASHLEYPLATZ,BOYOUNGBLOOD,1
ASHLEYPLATZ,SHANLEYCASWELL,1
ASHLEYPLATZ,JOHNLERARDI,1
ASHLEYPLATZ,JERMAINEALVEREZMARTIN,1
ASHLEYPLATZ,ROMEFLYNN,1
ASHLEYPLATZ,JEFFDYE,1
ASHLEYPLATZ,BROOKELEWIS,1
ASHLEYPLATZ,DREWMCANANY,1
ASHLEYPLATZ,AMYPAFFRATH,1
ASHLEYPLATZ,MARCGORDON,1
ASHLEYPLATZ,ALEXISIACONO,1
ASHLEYPLATZ,MATTSCHULTE,1
MATTSCHULTE,REBECCAVINARGO,1
MATTSCHULTE,AFTONJILLIAN,1
MATTSCHULTE,BOYOUNGBLOOD,1
MATTSCHULTE,SHANLEYCASWELL,1
MATTSCHULTE,JOHNLERARDI,1
MATTSCHULTE,JERMAINEALVEREZMARTIN,1
MATTSCHULTE,ROMEFLYNN,1
MATTSCHULTE,JEFFDYE,1
MATTSCHULTE,BROOKELEWIS,1
MATTSCHULTE,DREWMCANANY,1
MATTSCHULTE,AMYPAFFRATH,1
MATTSCHULTE,MARCGORDON,1
MATTSCHULTE,ALEXISIACONO,1
MATTSCHULTE,ASHLEYPLATZ,1
REBECCAVINARGO,AFTONJILLIAN,1
REBECCAVINARGO,BOYOUNGBLOOD,1
REBECCAVINARGO,SHANLEYCASWELL,1
REBECCAVINARGO,JOHNLERARDI,1
REBECCAVINARGO,JERMAINEALVEREZMARTIN,1
REBECCAVINARGO,ROMEFLYNN,1
REBECCAVINARGO,JEFFDYE,1
REBECCAVINARGO,BROOKELEWIS,1
REBECCAVINARGO,DREWMCANANY,1
REBECCAVINARGO,AMYPAFFRATH,1
REBECCAVINARGO,MARCGORDON,1
REBECCAVINARGO,ALEXISIACONO,1
REBECCAVINARGO,MATTSCHULTE,1
REBECCAVINARGO,ASHLEYPLATZ,1
BOYOUNGBLOOD,REBECCAVINARGO,1
BOYOUNGBLOOD,AFTONJILLIAN,1
BOYOUNGBLOOD,SHANLEYCASWELL,1
BOYOUNGBLOOD,JOHNLERARDI,1
BOYOUNGBLOOD,JERMAINEALVEREZMARTIN,1
BOYOUNGBLOOD,ROMEFLYNN,1
BOYOUNGBLOOD,JEFFDYE,1
BOYOUNGBLOOD,BROOKELEWIS,1
BOYOUNGBLOOD,DREWMCANANY,1
BOYOUNGBLOOD,AMYPAFFRATH,1
BOYOUNGBLOOD,MARCGORDON,1
BOYOUNGBLOOD,ALEXISIACONO,1
BOYOUNGBLOOD,MATTSCHULTE,1
BOYOUNGBLOOD,ASHLEYPLATZ,1
JENAMALONE,DAMONALEXANDER,1
JENAMALONE,THOMASIANNICHOLAS,1
JENAMALONE,JTALEXANDER,1
JENAMALONE,JOEMANTEGNA,1
JTALEXANDER,DAMONALEXANDER,1
JTALEXANDER,THOMASIANNICHOLAS,1
JTALEXANDER,JENAMALONE,1
JTALEXANDER,JOEMANTEGNA,1
DAMONALEXANDER,JTALEXANDER,1
DAMONALEXANDER,THOMASIANNICHOLAS,1
DAMONALEXANDER,JENAMALONE,1
DAMONALEXANDER,JOEMANTEGNA,1
JOEMANTEGNA,DAMONALEXANDER,1
JOEMANTEGNA,THOMASIANNICHOLAS,1
JOEMANTEGNA,JENAMALONE,1
JOEMANTEGNA,JTALEXANDER,1
THOMASIANNICHOLAS,DAMONALEXANDER,1
THOMASIANNICHOLAS,JENAMALONE,1
THOMASIANNICHOLAS,JTALEXANDER,1
THOMASIANNICHOLAS,JOEMANTEGNA,1
AYOMAKUN,MERCYJOHNSON,1
AYOMAKUN,MOTLATSIMAFATSHE,1
AYOMAKUN,CELESTENTULI,1
AYOMAKUN,THENJIWEMOSELEY,1
AYOMAKUN,MIGUELA.NÚÑEZJR.,1
AYOMAKUN,RICHARDMOFE-DAMIJO,1
AYOMAKUN,FALZ,1
AYOMAKUN,TUFACEIDIBIA,1
AYOMAKUN,ADESUAETOMI,1
ADESUAETOMI,MERCYJOHNSON,1
ADESUAETOMI,MOTLATSIMAFATSHE,1
ADESUAETOMI,CELESTENTULI,1
ADESUAETOMI,THENJIWEMOSELEY,1
ADESUAETOMI,MIGUELA.NÚÑEZJR.,1
ADESUAETOMI,AYOMAKUN,1
ADESUAETOMI,RICHARDMOFE-DAMIJO,1
ADESUAETOMI,FALZ,1
ADESUAETOMI,TUFACEIDIBIA,1
RICHARDMOFE-DAMIJO,MERCYJOHNSON,1
RICHARDMOFE-DAMIJO,MOTLATSIMAFATSHE,1
RICHARDMOFE-DAMIJO,CELESTENTULI,1
RICHARDMOFE-DAMIJO,THENJIWEMOSELEY,1
RICHARDMOFE-DAMIJO,MIGUELA.NÚÑEZJR.,1
RICHARDMOFE-DAMIJO,AYOMAKUN,1
RICHARDMOFE-DAMIJO,FALZ,1
RICHARDMOFE-DAMIJO,TUFACEIDIBIA,1
RICHARDMOFE-DAMIJO,ADESUAETOMI,1
MERCYJOHNSON,MOTLATSIMAFATSHE,1
MERCYJOHNSON,CELESTENTULI,1
MERCYJOHNSON,THENJIWEMOSELEY,1
MERCYJOHNSON,MIGUELA.NÚÑEZJR.,1
MERCYJOHNSON,AYOMAKUN,1
MERCYJOHNSON,RICHARDMOFE-DAMIJO,1
MERCYJOHNSON,FALZ,1
MERCYJOHNSON,TUFACEIDIBIA,1
MERCYJOHNSON,ADESUAETOMI,1
FALZ,MERCYJOHNSON,1
FALZ,MOTLATSIMAFATSHE,1
FALZ,CELESTENTULI,1
FALZ,THENJIWEMOSELEY,1
FALZ,MIGUELA.NÚÑEZJR.,1
FALZ,AYOMAKUN,1
FALZ,RICHARDMOFE-DAMIJO,1
FALZ,TUFACEIDIBIA,1
FALZ,ADESUAETOMI,1
TUFACEIDIBIA,MERCYJOHNSON,1
TUFACEIDIBIA,MOTLATSIMAFATSHE,1
TUFACEIDIBIA,CELESTENTULI,1
TUFACEIDIBIA,THENJIWEMOSELEY,1
TUFACEIDIBIA,MIGUELA.NÚÑEZJR.,1
TUFACEIDIBIA,AYOMAKUN,1
TUFACEIDIBIA,RICHARDMOFE-DAMIJO,1
TUFACEIDIBIA,FALZ,1
TUFACEIDIBIA,ADESUAETOMI,1
THENJIWEMOSELEY,MERCYJOHNSON,1
THENJIWEMOSELEY,MOTLATSIMAFATSHE,1
THENJIWEMOSELEY,CELESTENTULI,1
THENJIWEMOSELEY,MIGUELA.NÚÑEZJR.,1
THENJIWEMOSELEY,AYOMAKUN,1
THENJIWEMOSELEY,RICHARDMOFE-DAMIJO,1
THENJIWEMOSELEY,FALZ,1
THENJIWEMOSELEY,TUFACEIDIBIA,1
THENJIWEMOSELEY,ADESUAETOMI,1
MOTLATSIMAFATSHE,MERCYJOHNSON,1
MOTLATSIMAFATSHE,CELESTENTULI,1
MOTLATSIMAFATSHE,THENJIWEMOSELEY,1
MOTLATSIMAFATSHE,MIGUELA.NÚÑEZJR.,1
MOTLATSIMAFATSHE,AYOMAKUN,1
MOTLATSIMAFATSHE,RICHARDMOFE-DAMIJO,1
MOTLATSIMAFATSHE,FALZ,1
MOTLATSIMAFATSHE,TUFACEIDIBIA,1
MOTLATSIMAFATSHE,ADESUAETOMI,1
CELESTENTULI,MERCYJOHNSON,1
CELESTENTULI,MOTLATSIMAFATSHE,1
CELESTENTULI,THENJIWEMOSELEY,1
CELESTENTULI,MIGUELA.NÚÑEZJR.,1
CELESTENTULI,AYOMAKUN,1
CELESTENTULI,RICHARDMOFE-DAMIJO,1
CELESTENTULI,FALZ,1
CELESTENTULI,TUFACEIDIBIA,1
CELESTENTULI,ADESUAETOMI,1
MIGUELA.NÚÑEZJR.,MERCYJOHNSON,1
MIGUELA.NÚÑEZJR.,MOTLATSIMAFATSHE,1
MIGUELA.NÚÑEZJR.,CELESTENTULI,1
MIGUELA.NÚÑEZJR.,THENJIWEMOSELEY,1
MIGUELA.NÚÑEZJR.,AYOMAKUN,1
MIGUELA.NÚÑEZJR.,RICHARDMOFE-DAMIJO,1
MIGUELA.NÚÑEZJR.,FALZ,1
MIGUELA.NÚÑEZJR.,TUFACEIDIBIA,1
MIGUELA.NÚÑEZJR.,ADESUAETOMI,1
VIKRAM,RAHULDEV,1
VIKRAM,SAMANTHARUTHPRABHU,1
VIKRAM,ABHIMANYUSINGH,1
VIKRAM,PASUPATHY,1
SAMANTHARUTHPRABHU,RAHULDEV,1
SAMANTHARUTHPRABHU,VIKRAM,1
SAMANTHARUTHPRABHU,ABHIMANYUSINGH,1
SAMANTHARUTHPRABHU,PASUPATHY,1
PASUPATHY,RAHULDEV,1
PASUPATHY,VIKRAM,1
PASUPATHY,SAMANTHARUTHPRABHU,1
PASUPATHY,ABHIMANYUSINGH,1
RAHULDEV,VIKRAM,1
RAHULDEV,SAMANTHARUTHPRABHU,1
RAHULDEV,ABHIMANYUSINGH,1
RAHULDEV,PASUPATHY,1
ABHIMANYUSINGH,RAHULDEV,1
ABHIMANYUSINGH,VIKRAM,1
ABHIMANYUSINGH,SAMANTHARUTHPRABHU,1
ABHIMANYUSINGH,PASUPATHY,1
LUISLOBIANCO,KARINARAMIL,1
LUISLOBIANCO,GIULIABENITE,1
LUISLOBIANCO,PEDROMIRANDA,1
LUISLOBIANCO,LORENAQUEIROZ,1
GIULIABENITE,KARINARAMIL,1
GIULIABENITE,LUISLOBIANCO,1
GIULIABENITE,PEDROMIRANDA,1
GIULIABENITE,LORENAQUEIROZ,1
PEDROMIRANDA,KARINARAMIL,1
PEDROMIRANDA,LUISLOBIANCO,1
PEDROMIRANDA,GIULIABENITE,1
PEDROMIRANDA,LORENAQUEIROZ,1
LORENAQUEIROZ,KARINARAMIL,1
LORENAQUEIROZ,GIULIABENITE,1
LORENAQUEIROZ,LUISLOBIANCO,1
LORENAQUEIROZ,PEDROMIRANDA,1
KARINARAMIL,GIULIABENITE,1
KARINARAMIL,LUISLOBIANCO,1
KARINARAMIL,PEDROMIRANDA,1
KARINARAMIL,LORENAQUEIROZ,1
MORGANFREEMAN,JONAHHILL,1
MORGANFREEMAN,PAZVEGA,1
JONAHHILL,PAZVEGA,1
JONAHHILL,MORGANFREEMAN,1
FRANCKDUBOSC,RUFUS,1
FRANCKDUBOSC,OLIVIERCLAVERIE,1
FRANCKDUBOSC,CLAUDERICH,1
FRANCKDUBOSC,MATHISTOURÉ,1
FRANCKDUBOSC,MARIEKREMER,1
CLAUDERICH,RUFUS,1
CLAUDERICH,OLIVIERCLAVERIE,1
CLAUDERICH,FRANCKDUBOSC,1
CLAUDERICH,MATHISTOURÉ,1
CLAUDERICH,MARIEKREMER,1
MARIEKREMER,RUFUS,1
MARIEKREMER,OLIVIERCLAVERIE,1
MARIEKREMER,FRANCKDUBOSC,1
MARIEKREMER,CLAUDERICH,1
MARIEKREMER,MATHISTOURÉ,1
MATHISTOURÉ,RUFUS,1
MATHISTOURÉ,OLIVIERCLAVERIE,1
MATHISTOURÉ,FRANCKDUBOSC,1
MATHISTOURÉ,CLAUDERICH,1
MATHISTOURÉ,MARIEKREMER,1
RUFUS,OLIVIERCLAVERIE,1
RUFUS,FRANCKDUBOSC,1
RUFUS,CLAUDERICH,1
RUFUS,MATHISTOURÉ,1
RUFUS,MARIEKREMER,1
OLIVIERCLAVERIE,RUFUS,1
OLIVIERCLAVERIE,FRANCKDUBOSC,1
OLIVIERCLAVERIE,CLAUDERICH,1
OLIVIERCLAVERIE,MATHISTOURÉ,1
OLIVIERCLAVERIE,MARIEKREMER,1
MICHAELCHIKLIS,JOHNHICKMAN,1
MICHAELCHIKLIS,LYDIAHULL,2
MICHAELCHIKLIS,SERGIORIZZUTO,1
MICHAELCHIKLIS,TYLERJONOLSON,1
MICHAELCHIKLIS,SWENTEMMEL,1
MICHAELCHIKLIS,LALAKENT,1
MICHAELCHIKLIS,MEADOWWILLIAMS,2
MICHAELCHIKLIS,BRUCEWILLIS,2
MICHAELCHIKLIS,KYLESCHMID,2
MICHAELCHIKLIS,TEXASBATTLE,1
BRUCEWILLIS,JOHNHICKMAN,1
BRUCEWILLIS,LYDIAHULL,2
BRUCEWILLIS,SERGIORIZZUTO,1
BRUCEWILLIS,TYLERJONOLSON,1
BRUCEWILLIS,SWENTEMMEL,1
BRUCEWILLIS,LALAKENT,1
BRUCEWILLIS,MEADOWWILLIAMS,2
BRUCEWILLIS,MICHAELCHIKLIS,2
BRUCEWILLIS,KYLESCHMID,2
BRUCEWILLIS,TEXASBATTLE,1
MEADOWWILLIAMS,JOHNHICKMAN,1
MEADOWWILLIAMS,LYDIAHULL,2
MEADOWWILLIAMS,SERGIORIZZUTO,1
MEADOWWILLIAMS,TYLERJONOLSON,1
MEADOWWILLIAMS,SWENTEMMEL,1
MEADOWWILLIAMS,LALAKENT,1
MEADOWWILLIAMS,BRUCEWILLIS,2
MEADOWWILLIAMS,MICHAELCHIKLIS,2
MEADOWWILLIAMS,KYLESCHMID,2
MEADOWWILLIAMS,TEXASBATTLE,1
KYLESCHMID,JOHNHICKMAN,1
KYLESCHMID,LYDIAHULL,2
KYLESCHMID,SERGIORIZZUTO,1
KYLESCHMID,TYLERJONOLSON,1
KYLESCHMID,SWENTEMMEL,1
KYLESCHMID,LALAKENT,1
KYLESCHMID,MEADOWWILLIAMS,2
KYLESCHMID,BRUCEWILLIS,2
KYLESCHMID,MICHAELCHIKLIS,2
KYLESCHMID,TEXASBATTLE,1
LYDIAHULL,JOHNHICKMAN,1
LYDIAHULL,SERGIORIZZUTO,1
LYDIAHULL,TYLERJONOLSON,1
LYDIAHULL,SWENTEMMEL,1
LYDIAHULL,LALAKENT,1
LYDIAHULL,MEADOWWILLIAMS,1
LYDIAHULL,BRUCEWILLIS,1
LYDIAHULL,MICHAELCHIKLIS,1
LYDIAHULL,KYLESCHMID,1
LYDIAHULL,TEXASBATTLE,1
LALAKENT,JOHNHICKMAN,1
LALAKENT,LYDIAHULL,1
LALAKENT,SERGIORIZZUTO,1
LALAKENT,TYLERJONOLSON,1
LALAKENT,SWENTEMMEL,1
LALAKENT,MEADOWWILLIAMS,1
LALAKENT,BRUCEWILLIS,1
LALAKENT,MICHAELCHIKLIS,1
LALAKENT,KYLESCHMID,1
LALAKENT,TEXASBATTLE,1
TEXASBATTLE,JOHNHICKMAN,1
TEXASBATTLE,LYDIAHULL,1
TEXASBATTLE,SERGIORIZZUTO,1
TEXASBATTLE,TYLERJONOLSON,1
TEXASBATTLE,SWENTEMMEL,1
TEXASBATTLE,LALAKENT,1
TEXASBATTLE,MEADOWWILLIAMS,1
TEXASBATTLE,BRUCEWILLIS,1
TEXASBATTLE,MICHAELCHIKLIS,1
TEXASBATTLE,KYLESCHMID,1
SWENTEMMEL,JOHNHICKMAN,1
SWENTEMMEL,LYDIAHULL,1
SWENTEMMEL,SERGIORIZZUTO,1
SWENTEMMEL,TYLERJONOLSON,1
SWENTEMMEL,LALAKENT,1
SWENTEMMEL,MEADOWWILLIAMS,1
SWENTEMMEL,BRUCEWILLIS,1
SWENTEMMEL,MICHAELCHIKLIS,1
SWENTEMMEL,KYLESCHMID,1
SWENTEMMEL,TEXASBATTLE,1
JOHNHICKMAN,LYDIAHULL,1
JOHNHICKMAN,SERGIORIZZUTO,1
JOHNHICKMAN,TYLERJONOLSON,1
JOHNHICKMAN,SWENTEMMEL,1
JOHNHICKMAN,LALAKENT,1
JOHNHICKMAN,MEADOWWILLIAMS,1
JOHNHICKMAN,BRUCEWILLIS,1
JOHNHICKMAN,MICHAELCHIKLIS,1
JOHNHICKMAN,KYLESCHMID,1
JOHNHICKMAN,TEXASBATTLE,1
SERGIORIZZUTO,JOHNHICKMAN,1
SERGIORIZZUTO,LYDIAHULL,1
SERGIORIZZUTO,TYLERJONOLSON,1
SERGIORIZZUTO,SWENTEMMEL,1
SERGIORIZZUTO,LALAKENT,1
SERGIORIZZUTO,MEADOWWILLIAMS,1
SERGIORIZZUTO,BRUCEWILLIS,1
SERGIORIZZUTO,MICHAELCHIKLIS,1
SERGIORIZZUTO,KYLESCHMID,1
SERGIORIZZUTO,TEXASBATTLE,1
TYLERJONOLSON,JOHNHICKMAN,1
TYLERJONOLSON,LYDIAHULL,1
TYLERJONOLSON,SERGIORIZZUTO,1
TYLERJONOLSON,SWENTEMMEL,1
TYLERJONOLSON,LALAKENT,1
TYLERJONOLSON,MEADOWWILLIAMS,1
TYLERJONOLSON,BRUCEWILLIS,1
TYLERJONOLSON,MICHAELCHIKLIS,1
TYLERJONOLSON,KYLESCHMID,1
TYLERJONOLSON,TEXASBATTLE,1
LYDIAHULL,KYLESCHMID,1
LYDIAHULL,BRUCEWILLIS,1
LYDIAHULL,MICHAELCHIKLIS,1
LYDIAHULL,MEADOWWILLIAMS,1
RICHARDATTENBOROUGH,JUDYGEESON,1
RICHARDATTENBOROUGH,JOHNHURT,1
RICHARDATTENBOROUGH,ROBERTHARDY,1
JUDYGEESON,RICHARDATTENBOROUGH,1
JUDYGEESON,JOHNHURT,1
JUDYGEESON,ROBERTHARDY,1
JOHNHURT,RICHARDATTENBOROUGH,1
JOHNHURT,JUDYGEESON,1
JOHNHURT,ROBERTHARDY,1
ROBERTHARDY,RICHARDATTENBOROUGH,1
ROBERTHARDY,JUDYGEESON,1
ROBERTHARDY,JOHNHURT,1
HEATHLEDGER,DAVIDKRUMHOLTZ,1
HEATHLEDGER,JULIASTILES,1
HEATHLEDGER,LARISAOLEYNIK,1
HEATHLEDGER,JOSEPHGORDON-LEVITT,1
HEATHLEDGER,ANDREWKEEGAN,1
JULIASTILES,HEATHLEDGER,1
JULIASTILES,DAVIDKRUMHOLTZ,1
JULIASTILES,LARISAOLEYNIK,1
JULIASTILES,JOSEPHGORDON-LEVITT,1
JULIASTILES,ANDREWKEEGAN,1
JOSEPHGORDON-LEVITT,HEATHLEDGER,1
JOSEPHGORDON-LEVITT,DAVIDKRUMHOLTZ,1
JOSEPHGORDON-LEVITT,JULIASTILES,1
JOSEPHGORDON-LEVITT,LARISAOLEYNIK,1
JOSEPHGORDON-LEVITT,ANDREWKEEGAN,1
LARISAOLEYNIK,HEATHLEDGER,1
LARISAOLEYNIK,DAVIDKRUMHOLTZ,1
LARISAOLEYNIK,JULIASTILES,1
LARISAOLEYNIK,JOSEPHGORDON-LEVITT,1
LARISAOLEYNIK,ANDREWKEEGAN,1
LARISAOLEYNIK,JAIMEPRESSLY,1
LARISAOLEYNIK,KATHERINEHEIGL,1
LARISAOLEYNIK,JAMESDEBELLO,1
LARISAOLEYNIK,JONATHANTUCKER,1
LARISAOLEYNIK,MARISSARIBISI,1
LARISAOLEYNIK,EMMANUELLECHRIQUI,1
DAVIDKRUMHOLTZ,HEATHLEDGER,1
DAVIDKRUMHOLTZ,JULIASTILES,1
DAVIDKRUMHOLTZ,LARISAOLEYNIK,1
DAVIDKRUMHOLTZ,JOSEPHGORDON-LEVITT,1
DAVIDKRUMHOLTZ,ANDREWKEEGAN,1
ANDREWKEEGAN,HEATHLEDGER,1
ANDREWKEEGAN,DAVIDKRUMHOLTZ,1
ANDREWKEEGAN,JULIASTILES,1
ANDREWKEEGAN,LARISAOLEYNIK,1
ANDREWKEEGAN,JOSEPHGORDON-LEVITT,1
CHARLESBRONSON,LISAEILBACHER,1
CHARLESBRONSON,GEOFFREYLEWIS,1
CHARLESBRONSON,WILFORDBRIMLEY,1
CHARLESBRONSON,ANDREWSTEVENS,1
CHARLESBRONSON,GENEDAVIS,1
LISAEILBACHER,GEOFFREYLEWIS,1
LISAEILBACHER,CHARLESBRONSON,1
LISAEILBACHER,WILFORDBRIMLEY,1
LISAEILBACHER,ANDREWSTEVENS,1
LISAEILBACHER,GENEDAVIS,1
ANDREWSTEVENS,LISAEILBACHER,1
ANDREWSTEVENS,GEOFFREYLEWIS,1
ANDREWSTEVENS,CHARLESBRONSON,1
ANDREWSTEVENS,WILFORDBRIMLEY,1
ANDREWSTEVENS,GENEDAVIS,1
GENEDAVIS,LISAEILBACHER,1
GENEDAVIS,GEOFFREYLEWIS,1
GENEDAVIS,CHARLESBRONSON,1
GENEDAVIS,WILFORDBRIMLEY,1
GENEDAVIS,ANDREWSTEVENS,1
GEOFFREYLEWIS,LISAEILBACHER,1
GEOFFREYLEWIS,CHARLESBRONSON,1
GEOFFREYLEWIS,WILFORDBRIMLEY,1
GEOFFREYLEWIS,ANDREWSTEVENS,1
GEOFFREYLEWIS,GENEDAVIS,1
WILFORDBRIMLEY,LISAEILBACHER,1
WILFORDBRIMLEY,GEOFFREYLEWIS,1
WILFORDBRIMLEY,CHARLESBRONSON,1
WILFORDBRIMLEY,ANDREWSTEVENS,1
WILFORDBRIMLEY,GENEDAVIS,1
STEVENSTRAIT,CAMILLABELLE,1
STEVENSTRAIT,NATHANAELBARING,1
STEVENSTRAIT,CLIFFCURTIS,1
STEVENSTRAIT,AFFIFBENBADRA,1
STEVENSTRAIT,MONAHAMMOND,1
STEVENSTRAIT,OMARSHARIF,1
STEVENSTRAIT,JOELVIRGEL,1
STEVENSTRAIT,MOZINAL,1
CAMILLABELLE,STEVENSTRAIT,1
CAMILLABELLE,NATHANAELBARING,1
CAMILLABELLE,CLIFFCURTIS,1
CAMILLABELLE,AFFIFBENBADRA,1
CAMILLABELLE,MONAHAMMOND,1
CAMILLABELLE,OMARSHARIF,1
CAMILLABELLE,JOELVIRGEL,1
CAMILLABELLE,MOZINAL,1
CLIFFCURTIS,STEVENSTRAIT,1
CLIFFCURTIS,CAMILLABELLE,1
CLIFFCURTIS,NATHANAELBARING,1
CLIFFCURTIS,AFFIFBENBADRA,1
CLIFFCURTIS,MONAHAMMOND,1
CLIFFCURTIS,OMARSHARIF,1
CLIFFCURTIS,JOELVIRGEL,1
CLIFFCURTIS,MOZINAL,1
JOELVIRGEL,STEVENSTRAIT,1
JOELVIRGEL,CAMILLABELLE,1
JOELVIRGEL,NATHANAELBARING,1
JOELVIRGEL,CLIFFCURTIS,1
JOELVIRGEL,AFFIFBENBADRA,1
JOELVIRGEL,MONAHAMMOND,1
JOELVIRGEL,OMARSHARIF,1
JOELVIRGEL,MOZINAL,1
AFFIFBENBADRA,STEVENSTRAIT,1
AFFIFBENBADRA,CAMILLABELLE,1
AFFIFBENBADRA,NATHANAELBARING,1
AFFIFBENBADRA,CLIFFCURTIS,1
AFFIFBENBADRA,MONAHAMMOND,1
AFFIFBENBADRA,OMARSHARIF,1
AFFIFBENBADRA,JOELVIRGEL,1
AFFIFBENBADRA,MOZINAL,1
MOZINAL,STEVENSTRAIT,1
MOZINAL,CAMILLABELLE,1
MOZINAL,NATHANAELBARING,1
MOZINAL,CLIFFCURTIS,1
MOZINAL,AFFIFBENBADRA,1
MOZINAL,MONAHAMMOND,1
MOZINAL,OMARSHARIF,1
MOZINAL,JOELVIRGEL,1
NATHANAELBARING,STEVENSTRAIT,1
NATHANAELBARING,CAMILLABELLE,1
NATHANAELBARING,CLIFFCURTIS,1
NATHANAELBARING,AFFIFBENBADRA,1
NATHANAELBARING,MONAHAMMOND,1
NATHANAELBARING,OMARSHARIF,1
NATHANAELBARING,JOELVIRGEL,1
NATHANAELBARING,MOZINAL,1
MONAHAMMOND,STEVENSTRAIT,1
MONAHAMMOND,CAMILLABELLE,1
MONAHAMMOND,NATHANAELBARING,1
MONAHAMMOND,CLIFFCURTIS,1
MONAHAMMOND,AFFIFBENBADRA,1
MONAHAMMOND,OMARSHARIF,1
MONAHAMMOND,JOELVIRGEL,1
MONAHAMMOND,MOZINAL,1
OMARSHARIF,STEVENSTRAIT,1
OMARSHARIF,CAMILLABELLE,1
OMARSHARIF,NATHANAELBARING,1
OMARSHARIF,CLIFFCURTIS,1
OMARSHARIF,AFFIFBENBADRA,1
OMARSHARIF,MONAHAMMOND,1
OMARSHARIF,JOELVIRGEL,1
OMARSHARIF,MOZINAL,1
HENRYIANCUSICK,DAVIDCHOKACHI,1
HENRYIANCUSICK,KRISTENDALTON,1
HENRYIANCUSICK,JEFFREYJONES,1
HENRYIANCUSICK,CAMERONRICHARDSON,1
DAVIDCHOKACHI,HENRYIANCUSICK,1
DAVIDCHOKACHI,KRISTENDALTON,1
DAVIDCHOKACHI,JEFFREYJONES,1
DAVIDCHOKACHI,CAMERONRICHARDSON,1
JEFFREYJONES,DAVIDCHOKACHI,1
JEFFREYJONES,HENRYIANCUSICK,1
JEFFREYJONES,KRISTENDALTON,1
JEFFREYJONES,CAMERONRICHARDSON,1
KRISTENDALTON,DAVIDCHOKACHI,1
KRISTENDALTON,HENRYIANCUSICK,1
KRISTENDALTON,JEFFREYJONES,1
KRISTENDALTON,CAMERONRICHARDSON,1
CAMERONRICHARDSON,DAVIDCHOKACHI,1
CAMERONRICHARDSON,HENRYIANCUSICK,1
CAMERONRICHARDSON,KRISTENDALTON,1
CAMERONRICHARDSON,JEFFREYJONES,1
LONDONGRACE,JENNIFERNANGLE,1
LONDONGRACE,DAVIDE.MCMAHON,1
LONDONGRACE,R.J.WAGNER,1
LONDONGRACE,ANASTASIAELFMAN,1
JENNIFERNANGLE,DAVIDE.MCMAHON,1
JENNIFERNANGLE,LONDONGRACE,1
JENNIFERNANGLE,R.J.WAGNER,1
JENNIFERNANGLE,ANASTASIAELFMAN,1
ANASTASIAELFMAN,JENNIFERNANGLE,1
ANASTASIAELFMAN,DAVIDE.MCMAHON,1
ANASTASIAELFMAN,LONDONGRACE,1
ANASTASIAELFMAN,R.J.WAGNER,1
DAVIDE.MCMAHON,JENNIFERNANGLE,1
DAVIDE.MCMAHON,LONDONGRACE,1
DAVIDE.MCMAHON,R.J.WAGNER,1
DAVIDE.MCMAHON,ANASTASIAELFMAN,1
R.J.WAGNER,JENNIFERNANGLE,1
R.J.WAGNER,DAVIDE.MCMAHON,1
R.J.WAGNER,LONDONGRACE,1
R.J.WAGNER,ANASTASIAELFMAN,1
COLINEGGLESFIELD,HEIDIJOHANNINGMEIER,1
COLINEGGLESFIELD,CHRISJOHNSON,1
COLINEGGLESFIELD,GIDEONEMERY,1
COLINEGGLESFIELD,YANCEYARIAS,1
HEIDIJOHANNINGMEIER,CHRISJOHNSON,1
HEIDIJOHANNINGMEIER,COLINEGGLESFIELD,1
HEIDIJOHANNINGMEIER,GIDEONEMERY,1
HEIDIJOHANNINGMEIER,YANCEYARIAS,1
GIDEONEMERY,HEIDIJOHANNINGMEIER,1
GIDEONEMERY,COLINEGGLESFIELD,1
GIDEONEMERY,CHRISJOHNSON,1
GIDEONEMERY,YANCEYARIAS,1
YANCEYARIAS,HEIDIJOHANNINGMEIER,1
YANCEYARIAS,COLINEGGLESFIELD,1
YANCEYARIAS,CHRISJOHNSON,1
YANCEYARIAS,GIDEONEMERY,1
CHRISJOHNSON,HEIDIJOHANNINGMEIER,1
CHRISJOHNSON,COLINEGGLESFIELD,1
CHRISJOHNSON,GIDEONEMERY,1
CHRISJOHNSON,YANCEYARIAS,1
JONATHANTUCKER,JAIMEPRESSLY,1
JONATHANTUCKER,KATHERINEHEIGL,1
JONATHANTUCKER,JAMESDEBELLO,1
JONATHANTUCKER,MARISSARIBISI,1
JONATHANTUCKER,LARISAOLEYNIK,1
JONATHANTUCKER,EMMANUELLECHRIQUI,1
EMMANUELLECHRIQUI,JAIMEPRESSLY,1
EMMANUELLECHRIQUI,KATHERINEHEIGL,1
EMMANUELLECHRIQUI,JAMESDEBELLO,1
EMMANUELLECHRIQUI,JONATHANTUCKER,1
EMMANUELLECHRIQUI,MARISSARIBISI,1
EMMANUELLECHRIQUI,LARISAOLEYNIK,1
JAMESDEBELLO,JAIMEPRESSLY,1
JAMESDEBELLO,KATHERINEHEIGL,1
JAMESDEBELLO,JONATHANTUCKER,1
JAMESDEBELLO,MARISSARIBISI,1
JAMESDEBELLO,LARISAOLEYNIK,1
JAMESDEBELLO,EMMANUELLECHRIQUI,1
KATHERINEHEIGL,JAIMEPRESSLY,1
KATHERINEHEIGL,JAMESDEBELLO,1
KATHERINEHEIGL,JONATHANTUCKER,1
KATHERINEHEIGL,MARISSARIBISI,1
KATHERINEHEIGL,LARISAOLEYNIK,1
KATHERINEHEIGL,EMMANUELLECHRIQUI,1
JAIMEPRESSLY,KATHERINEHEIGL,1
JAIMEPRESSLY,JAMESDEBELLO,1
JAIMEPRESSLY,JONATHANTUCKER,1
JAIMEPRESSLY,MARISSARIBISI,1
JAIMEPRESSLY,LARISAOLEYNIK,1
JAIMEPRESSLY,EMMANUELLECHRIQUI,1
MARISSARIBISI,JAIMEPRESSLY,1
MARISSARIBISI,KATHERINEHEIGL,1
MARISSARIBISI,JAMESDEBELLO,1
MARISSARIBISI,JONATHANTUCKER,1
MARISSARIBISI,LARISAOLEYNIK,1
MARISSARIBISI,EMMANUELLECHRIQUI,1
GLENNPLUMMER,SKICARR,1
GLENNPLUMMER,DWAYNEADWAY,1
GLENNPLUMMER,WAYNECOLLINS,1
GLENNPLUMMER,LARRYB.SCOTT,1
GLENNPLUMMER,NIGELTHATCH,1
GLENNPLUMMER,CARLOSCARRASCO,1
GLENNPLUMMER,MCEIHT,1
GLENNPLUMMER,MANERICHANDREW,1
GLENNPLUMMER,SYDNEYBIGDAWGCOLSTON,1
GLENNPLUMMER,KENOK.DEARY,1
DWAYNEADWAY,SKICARR,1
DWAYNEADWAY,WAYNECOLLINS,1
DWAYNEADWAY,LARRYB.SCOTT,1
DWAYNEADWAY,NIGELTHATCH,1
DWAYNEADWAY,CARLOSCARRASCO,1
DWAYNEADWAY,MCEIHT,1
DWAYNEADWAY,GLENNPLUMMER,1
DWAYNEADWAY,MANERICHANDREW,1
DWAYNEADWAY,SYDNEYBIGDAWGCOLSTON,1
DWAYNEADWAY,KENOK.DEARY,1
MANERICHANDREW,SKICARR,1
MANERICHANDREW,DWAYNEADWAY,1
MANERICHANDREW,WAYNECOLLINS,1
MANERICHANDREW,LARRYB.SCOTT,1
MANERICHANDREW,NIGELTHATCH,1
MANERICHANDREW,CARLOSCARRASCO,1
MANERICHANDREW,MCEIHT,1
MANERICHANDREW,GLENNPLUMMER,1
MANERICHANDREW,SYDNEYBIGDAWGCOLSTON,1
MANERICHANDREW,KENOK.DEARY,1
SKICARR,DWAYNEADWAY,1
SKICARR,WAYNECOLLINS,1
SKICARR,LARRYB.SCOTT,1
SKICARR,NIGELTHATCH,1
SKICARR,CARLOSCARRASCO,1
SKICARR,MCEIHT,1
SKICARR,GLENNPLUMMER,1
SKICARR,MANERICHANDREW,1
SKICARR,SYDNEYBIGDAWGCOLSTON,1
SKICARR,KENOK.DEARY,1
CARLOSCARRASCO,SKICARR,1
CARLOSCARRASCO,DWAYNEADWAY,1
CARLOSCARRASCO,WAYNECOLLINS,1
CARLOSCARRASCO,LARRYB.SCOTT,1
CARLOSCARRASCO,NIGELTHATCH,1
CARLOSCARRASCO,MCEIHT,1
CARLOSCARRASCO,GLENNPLUMMER,1
CARLOSCARRASCO,MANERICHANDREW,1
CARLOSCARRASCO,SYDNEYBIGDAWGCOLSTON,1
CARLOSCARRASCO,KENOK.DEARY,1
WAYNECOLLINS,SKICARR,1
WAYNECOLLINS,DWAYNEADWAY,1
WAYNECOLLINS,LARRYB.SCOTT,1
WAYNECOLLINS,NIGELTHATCH,1
WAYNECOLLINS,CARLOSCARRASCO,1
WAYNECOLLINS,MCEIHT,1
WAYNECOLLINS,GLENNPLUMMER,1
WAYNECOLLINS,MANERICHANDREW,1
WAYNECOLLINS,SYDNEYBIGDAWGCOLSTON,1
WAYNECOLLINS,KENOK.DEARY,1
SYDNEYBIGDAWGCOLSTON,SKICARR,1
SYDNEYBIGDAWGCOLSTON,DWAYNEADWAY,1
SYDNEYBIGDAWGCOLSTON,WAYNECOLLINS,1
SYDNEYBIGDAWGCOLSTON,LARRYB.SCOTT,1
SYDNEYBIGDAWGCOLSTON,NIGELTHATCH,1
SYDNEYBIGDAWGCOLSTON,CARLOSCARRASCO,1
SYDNEYBIGDAWGCOLSTON,MCEIHT,1
SYDNEYBIGDAWGCOLSTON,GLENNPLUMMER,1
SYDNEYBIGDAWGCOLSTON,MANERICHANDREW,1
SYDNEYBIGDAWGCOLSTON,KENOK.DEARY,1
KENOK.DEARY,SKICARR,1
KENOK.DEARY,DWAYNEADWAY,1
KENOK.DEARY,WAYNECOLLINS,1
KENOK.DEARY,LARRYB.SCOTT,1
KENOK.DEARY,NIGELTHATCH,1
KENOK.DEARY,CARLOSCARRASCO,1
KENOK.DEARY,MCEIHT,1
KENOK.DEARY,GLENNPLUMMER,1
KENOK.DEARY,MANERICHANDREW,1
KENOK.DEARY,SYDNEYBIGDAWGCOLSTON,1
MCEIHT,SKICARR,1
MCEIHT,DWAYNEADWAY,1
MCEIHT,WAYNECOLLINS,1
MCEIHT,LARRYB.SCOTT,1
MCEIHT,NIGELTHATCH,1
MCEIHT,CARLOSCARRASCO,1
MCEIHT,GLENNPLUMMER,1
MCEIHT,MANERICHANDREW,1
MCEIHT,SYDNEYBIGDAWGCOLSTON,1
MCEIHT,KENOK.DEARY,1
LARRYB.SCOTT,SKICARR,1
LARRYB.SCOTT,DWAYNEADWAY,1
LARRYB.SCOTT,WAYNECOLLINS,1
LARRYB.SCOTT,NIGELTHATCH,1
LARRYB.SCOTT,CARLOSCARRASCO,1
LARRYB.SCOTT,MCEIHT,1
LARRYB.SCOTT,GLENNPLUMMER,1
LARRYB.SCOTT,MANERICHANDREW,1
LARRYB.SCOTT,SYDNEYBIGDAWGCOLSTON,1
LARRYB.SCOTT,KENOK.DEARY,1
NIGELTHATCH,SKICARR,1
NIGELTHATCH,DWAYNEADWAY,1
NIGELTHATCH,WAYNECOLLINS,1
NIGELTHATCH,LARRYB.SCOTT,1
NIGELTHATCH,CARLOSCARRASCO,1
NIGELTHATCH,MCEIHT,1
NIGELTHATCH,GLENNPLUMMER,1
NIGELTHATCH,MANERICHANDREW,1
NIGELTHATCH,SYDNEYBIGDAWGCOLSTON,1
NIGELTHATCH,KENOK.DEARY,1
DANIROVIRA,RICARDOPEREIRA,1
DANIROVIRA,ALBARIBAS,1
DANIROVIRA,MANUELACOUTO,1
DANIROVIRA,CLARASEGURA,1
DANIROVIRA,BRUNOBERGONZINI,1
DANIROVIRA,KARRAELEJALDE,1
DANIROVIRA,ALEXANDRAJIMÉNEZ,1
DANIROVIRA,DAVIDVERDAGUER,1
DANIROVIRA,MARCBALAGUER,1
KARRAELEJALDE,RICARDOPEREIRA,1
KARRAELEJALDE,ALBARIBAS,1
KARRAELEJALDE,MANUELACOUTO,1
KARRAELEJALDE,CLARASEGURA,1
KARRAELEJALDE,BRUNOBERGONZINI,1
KARRAELEJALDE,DANIROVIRA,1
KARRAELEJALDE,ALEXANDRAJIMÉNEZ,1
KARRAELEJALDE,DAVIDVERDAGUER,1
KARRAELEJALDE,MARCBALAGUER,1
ALEXANDRAJIMÉNEZ,RICARDOPEREIRA,1
ALEXANDRAJIMÉNEZ,ALBARIBAS,1
ALEXANDRAJIMÉNEZ,MANUELACOUTO,1
ALEXANDRAJIMÉNEZ,CLARASEGURA,1
ALEXANDRAJIMÉNEZ,BRUNOBERGONZINI,1
ALEXANDRAJIMÉNEZ,KARRAELEJALDE,1
ALEXANDRAJIMÉNEZ,DANIROVIRA,1
ALEXANDRAJIMÉNEZ,DAVIDVERDAGUER,1
ALEXANDRAJIMÉNEZ,MARCBALAGUER,1
DAVIDVERDAGUER,RICARDOPEREIRA,1
DAVIDVERDAGUER,ALBARIBAS,1
DAVIDVERDAGUER,MANUELACOUTO,1
DAVIDVERDAGUER,CLARASEGURA,1
DAVIDVERDAGUER,BRUNOBERGONZINI,1
DAVIDVERDAGUER,KARRAELEJALDE,1
DAVIDVERDAGUER,DANIROVIRA,1
DAVIDVERDAGUER,ALEXANDRAJIMÉNEZ,1
DAVIDVERDAGUER,MARCBALAGUER,1
CLARASEGURA,RICARDOPEREIRA,1
CLARASEGURA,ALBARIBAS,1
CLARASEGURA,MANUELACOUTO,1
CLARASEGURA,BRUNOBERGONZINI,1
CLARASEGURA,KARRAELEJALDE,1
CLARASEGURA,DANIROVIRA,1
CLARASEGURA,ALEXANDRAJIMÉNEZ,1
CLARASEGURA,DAVIDVERDAGUER,1
CLARASEGURA,MARCBALAGUER,1
ALBARIBAS,RICARDOPEREIRA,1
ALBARIBAS,MANUELACOUTO,1
ALBARIBAS,CLARASEGURA,1
ALBARIBAS,BRUNOBERGONZINI,1
ALBARIBAS,KARRAELEJALDE,1
ALBARIBAS,DANIROVIRA,1
ALBARIBAS,ALEXANDRAJIMÉNEZ,1
ALBARIBAS,DAVIDVERDAGUER,1
ALBARIBAS,MARCBALAGUER,1
BRUNOBERGONZINI,RICARDOPEREIRA,1
BRUNOBERGONZINI,ALBARIBAS,1
BRUNOBERGONZINI,MANUELACOUTO,1
BRUNOBERGONZINI,CLARASEGURA,1
BRUNOBERGONZINI,KARRAELEJALDE,1
BRUNOBERGONZINI,DANIROVIRA,1
BRUNOBERGONZINI,ALEXANDRAJIMÉNEZ,1
BRUNOBERGONZINI,DAVIDVERDAGUER,1
BRUNOBERGONZINI,MARCBALAGUER,1
RICARDOPEREIRA,ALBARIBAS,1
RICARDOPEREIRA,MANUELACOUTO,1
RICARDOPEREIRA,CLARASEGURA,1
RICARDOPEREIRA,BRUNOBERGONZINI,1
RICARDOPEREIRA,KARRAELEJALDE,1
RICARDOPEREIRA,DANIROVIRA,1
RICARDOPEREIRA,ALEXANDRAJIMÉNEZ,1
RICARDOPEREIRA,DAVIDVERDAGUER,1
RICARDOPEREIRA,MARCBALAGUER,1
MANUELACOUTO,RICARDOPEREIRA,1
MANUELACOUTO,ALBARIBAS,1
MANUELACOUTO,CLARASEGURA,1
MANUELACOUTO,BRUNOBERGONZINI,1
MANUELACOUTO,KARRAELEJALDE,1
MANUELACOUTO,DANIROVIRA,1
MANUELACOUTO,ALEXANDRAJIMÉNEZ,1
MANUELACOUTO,DAVIDVERDAGUER,1
MANUELACOUTO,MARCBALAGUER,1
MARCBALAGUER,RICARDOPEREIRA,1
MARCBALAGUER,ALBARIBAS,1
MARCBALAGUER,MANUELACOUTO,1
MARCBALAGUER,CLARASEGURA,1
MARCBALAGUER,BRUNOBERGONZINI,1
MARCBALAGUER,KARRAELEJALDE,1
MARCBALAGUER,DANIROVIRA,1
MARCBALAGUER,ALEXANDRAJIMÉNEZ,1
MARCBALAGUER,DAVIDVERDAGUER,1
IDRISELBA,FRANZDRAMEH,1
IDRISELBA,KENSTOTT,1
IDRISELBA,KIERSTONWAREING,1
IDRISELBA,CHARLIECREED-MILES,1
IDRISELBA,GEMMAARTERTON,1
IDRISELBA,TOMCULLEN,1
GEMMAARTERTON,FRANZDRAMEH,1
GEMMAARTERTON,KENSTOTT,1
GEMMAARTERTON,KIERSTONWAREING,1
GEMMAARTERTON,CHARLIECREED-MILES,1
GEMMAARTERTON,IDRISELBA,1
GEMMAARTERTON,TOMCULLEN,1
CHARLIECREED-MILES,FRANZDRAMEH,1
CHARLIECREED-MILES,KENSTOTT,1
CHARLIECREED-MILES,KIERSTONWAREING,1
CHARLIECREED-MILES,IDRISELBA,1
CHARLIECREED-MILES,GEMMAARTERTON,1
CHARLIECREED-MILES,TOMCULLEN,1
FRANZDRAMEH,KENSTOTT,1
FRANZDRAMEH,KIERSTONWAREING,1
FRANZDRAMEH,CHARLIECREED-MILES,1
FRANZDRAMEH,IDRISELBA,1
FRANZDRAMEH,GEMMAARTERTON,1
FRANZDRAMEH,TOMCULLEN,1
KIERSTONWAREING,FRANZDRAMEH,1
KIERSTONWAREING,KENSTOTT,1
KIERSTONWAREING,CHARLIECREED-MILES,1
KIERSTONWAREING,IDRISELBA,1
KIERSTONWAREING,GEMMAARTERTON,1
KIERSTONWAREING,TOMCULLEN,1
TOMCULLEN,FRANZDRAMEH,1
TOMCULLEN,KENSTOTT,1
TOMCULLEN,KIERSTONWAREING,1
TOMCULLEN,CHARLIECREED-MILES,1
TOMCULLEN,IDRISELBA,1
TOMCULLEN,GEMMAARTERTON,1
KENSTOTT,FRANZDRAMEH,1
KENSTOTT,KIERSTONWAREING,1
KENSTOTT,CHARLIECREED-MILES,1
KENSTOTT,IDRISELBA,1
KENSTOTT,GEMMAARTERTON,1
KENSTOTT,TOMCULLEN,1
